2016-01-04,177.84,0
2016-01-05,179.19,1.35
2016-01-06,178.97,-0.22
2016-01-07,179.05,0.08
2016-01-08,179.04,-0.01
2016-01-11,179.13,0.09
2016-01-12,180.91,1.78
2016-01-13,183.05,2.14
2016-01-14,183.52,0.47
2016-01-15,183.84,0.32
2016-01-18,183.09,-0.75
2016-01-19,184.24,1.15
2016-01-20,183.43,-0.81
2016-01-21,183.57,0.14
2016-01-22,183.09,-0.48
2016-01-25,182.23,-0.86
2016-01-26,180.77,-1.46
2016-01-27,181.6,0.83
2016-01-28,181.6,0
2016-01-29,182.78,1.18
2016-02-01,182.44,-0.34
2016-02-02,182.57,0.13
2016-02-03,181.86,-0.71
2016-02-04,183.37,1.51
2016-02-05,181.83,-1.54
2016-02-11,181.73,-0.1
2016-02-12,182.78,1.05
2016-02-15,184.5,1.72
2016-02-16,185.85,1.35
2016-02-17,186.89,1.04
2016-02-18,187.56,0.67
2016-02-19,187.87,0.31
2016-02-22,189.23,1.36
2016-02-23,189.01,-0.22
2016-02-24,188.31,-0.7
2016-02-25,188.92,0.61
2016-02-26,189.08,0.16
2016-02-29,189,-0.08
2016-03-02,189.53,0.53
2016-03-03,188.31,-1.22
2016-03-04,186.27,-2.04
2016-03-07,185.41,-0.86
2016-03-08,184.6,-0.81
2016-03-09,185.17,0.57
2016-03-10,186.36,1.19
2016-03-11,185.39,-0.97
2016-03-14,184.88,-0.51
2016-03-15,182.88,-2
2016-03-16,182.98,0.1
2016-03-17,183.04,0.06
2016-03-18,180.83,-2.21
2016-03-21,179.76,-1.07
2016-03-22,179.95,0.19
2016-03-23,178.84,-1.11
2016-03-24,178.27,-0.57
2016-03-25,179.19,0.92
2016-03-28,179.11,-0.08
2016-03-29,179.31,0.2
2016-03-30,178.51,-0.8
2016-03-31,177.69,-0.82
2016-04-01,176.81,-0.88
2016-04-04,177.44,0.63
2016-04-05,177.43,-0.01
2016-04-06,178.38,0.95
2016-04-07,178.29,-0.09
2016-04-08,178.12,-0.17
2016-04-11,178.44,0.32
2016-04-12,177.5,-0.94
2016-04-14,176.72,-0.78
2016-04-15,177.66,0.94
2016-04-18,177.28,-0.38
2016-04-19,177.35,0.07
2016-04-20,175.97,-1.38
2016-04-21,174.89,-1.08
2016-04-22,174.98,0.09
2016-04-25,175.85,0.87
2016-04-26,176.55,0.7
2016-04-27,176.74,0.19
2016-04-28,176.31,-0.43
2016-04-29,175.95,-0.36
2016-05-02,175.51,-0.44
2016-05-03,175.95,0.44
2016-05-04,175.34,-0.61
2016-05-09,177.2,1.86
2016-05-10,178.72,1.52
2016-05-11,179.51,0.79
2016-05-12,178.78,-0.73
2016-05-13,178.35,-0.43
2016-05-16,178.58,0.23
2016-05-17,179.79,1.21
2016-05-18,179.38,-0.41
2016-05-19,180.33,0.95
2016-05-20,181.27,0.94
2016-05-23,181.11,-0.16
2016-05-24,180.37,-0.74
2016-05-25,181.12,0.75
2016-05-26,180.76,-0.36
2016-05-27,180.09,-0.67
2016-05-30,179.69,-0.4
2016-05-31,180.77,1.08
2016-06-01,180.61,-0.16
2016-06-02,180.78,0.17
2016-06-03,180.7,-0.08
2016-06-07,180.16,-0.54
2016-06-08,176.98,-3.18
2016-06-09,175.94,-1.04
2016-06-10,175.94,0
2016-06-13,176.58,0.64
2016-06-14,177.73,1.15
2016-06-15,177.73,0
2016-06-16,178.08,0.35
2016-06-17,177.45,-0.63
2016-06-20,177.47,0.02
2016-06-21,176.64,-0.83
2016-06-22,175.82,-0.82
2016-06-23,175.22,-0.6
2016-06-24,174.83,-0.39
2016-06-27,175.15,0.32
2016-06-28,177.71,2.56
2016-06-29,176.32,-1.39
2016-06-30,174.67,-1.65
2016-07-01,173.2,-1.47
2016-07-04,172.14,-1.06
2016-07-05,172,-0.14
2016-07-06,172.5,0.5
2016-07-07,173.97,1.47
2016-07-08,172.72,-1.25
2016-07-11,172.98,0.26
2016-07-12,171.37,-1.61
2016-07-13,171.41,0.04
2016-07-14,171.25,-0.16
2016-07-15,170.65,-0.6
2016-07-18,169.24,-1.41
2016-07-19,169.47,0.23
2016-07-20,169.73,0.26
2016-07-21,170.22,0.49
2016-07-22,170.85,0.63
2016-07-25,170.06,-0.79
2016-07-26,170.02,-0.04
2016-07-27,170.39,0.37
2016-07-28,169.86,-0.53
2016-07-29,168.94,-0.92
2016-08-01,168.69,-0.25
2016-08-02,167.56,-1.13
2016-08-03,166.71,-0.85
2016-08-04,167.8,1.09
2016-08-05,167.74,-0.06
2016-08-08,167.14,-0.6
2016-08-09,166.89,-0.25
2016-08-10,166.06,-0.83
2016-08-11,164.81,-1.25
2016-08-12,165.41,0.6
2016-08-16,165.57,0.16
2016-08-17,164.86,-0.71
2016-08-18,166.08,1.22
2016-08-19,166.82,0.74
2016-08-22,167.82,1
2016-08-23,168.76,0.94
2016-08-24,167.93,-0.83
2016-08-25,168.29,0.36
2016-08-26,167.74,-0.55
2016-08-29,166.89,-0.85
2016-08-30,168.08,1.19
2016-08-31,167.18,-0.9
2016-09-01,167.08,-0.1
2016-09-02,167.29,0.21
2016-09-05,167.17,-0.12
2016-09-06,165.68,-1.49
2016-09-07,165.17,-0.51
2016-09-08,163.81,-1.36
2016-09-09,163.86,0.05
2016-09-12,164.58,0.72
2016-09-13,166.01,1.43
2016-09-19,166.02,0.01
2016-09-20,168.06,2.04
2016-09-21,167.76,-0.3
2016-09-22,166.97,-0.79
2016-09-23,165.33,-1.64
2016-09-26,165.37,0.04
2016-09-27,165.66,0.29
2016-09-28,165.05,-0.61
2016-09-29,163.93,-1.12
2016-09-30,163.97,0.04
2016-10-04,165.36,1.39
2016-10-05,165.28,-0.08
2016-10-06,166.43,1.15
2016-10-07,165.94,-0.49
2016-10-10,166.17,0.23
2016-10-11,165.81,-0.36
2016-10-12,166.17,0.36
2016-10-13,167.06,0.89
2016-10-14,167.56,0.5
2016-10-17,168.24,0.68
2016-10-18,169.22,0.98
2016-10-19,168.01,-1.21
2016-10-20,166.41,-1.6
2016-10-21,166.57,0.16
2016-10-24,167.81,1.24
2016-10-25,167.49,-0.32
2016-10-26,167.51,0.02
2016-10-27,167.03,-0.48
2016-10-28,168.02,0.99
2016-10-31,168.65,0.63
2016-11-01,168.83,0.18
2016-11-02,168.33,-0.5
2016-11-03,169.57,1.24
2016-11-04,168.47,-1.1
2016-11-07,168.85,0.38
2016-11-08,168.29,-0.56
2016-11-09,167.59,-0.7
2016-11-10,167.69,0.1
2016-11-11,168.89,1.2
2016-11-14,170.44,1.55
2016-11-15,171.25,0.81
2016-11-16,170.3,-0.95
2016-11-17,169.71,-0.59
2016-11-18,170.47,0.76
2016-11-21,171.15,0.68
2016-11-22,171.23,0.08
2016-11-23,170.19,-1.04
2016-11-24,169.78,-0.41
2016-11-25,170.11,0.33
2016-11-28,169.8,-0.31
2016-11-29,168.93,-0.87
2016-11-30,168.98,0.05
2016-12-01,169.23,0.25
2016-12-02,170.01,0.78
2016-12-05,170.07,0.06
2016-12-06,170.52,0.45
2016-12-07,170.31,-0.21
2016-12-08,169.56,-0.75
2016-12-09,168.09,-1.47
2016-12-12,168.62,0.53
2016-12-13,168.84,0.22
2016-12-14,168.23,-0.61
2016-12-15,168.57,0.34
2016-12-16,170.15,1.58
2016-12-19,170.59,0.44
2016-12-20,170.82,0.23
2016-12-21,171.54,0.72
2016-12-22,172.05,0.51
2016-12-23,172.61,0.56
2016-12-26,173.14,0.53
2016-12-27,172.49,-0.65
2016-12-28,173.27,0.78
2016-12-29,173.63,0.36
2016-12-30,173.26,-0.37
2017-01-02,173.26,0
2017-01-03,173.1,-0.16
2017-01-04,173.18,0.08
2017-01-05,173.46,0.28
2017-01-06,173.48,0.02
2017-01-09,174.37,0.89
2017-01-10,175.31,0.94
2017-01-11,174.35,-0.96
2017-01-12,173.25,-1.1
2017-01-13,171.62,-1.63
2017-01-16,171.6,-0.02
2017-01-17,172.13,0.53
2017-01-18,172.51,0.38
2017-01-19,170.96,-1.55
2017-01-20,172.19,1.23
2017-01-23,171.43,-0.76
2017-01-24,171.04,-0.39
2017-01-25,170.74,-0.3
2017-01-26,170.89,0.15
2017-01-31,169.7,-1.19
2017-02-01,169.94,0.24
2017-02-02,168.97,-0.97
2017-02-03,168.54,-0.43
2017-02-06,168.17,-0.37
2017-02-07,167.2,-0.97
2017-02-08,167.63,0.43
2017-02-09,167.38,-0.25
2017-02-10,167.29,-0.09
2017-02-13,167.68,0.39
2017-02-14,167.4,-0.28
2017-02-15,167.09,-0.31
2017-02-16,166.46,-0.63
2017-02-17,166.45,-0.01
2017-02-20,167.17,0.72
2017-02-21,167.57,0.4
2017-02-22,167.03,-0.54
2017-02-23,166.27,-0.76
2017-02-24,165.93,-0.34
2017-02-27,165.01,-0.92
2017-02-28,165.04,0.03
2017-03-02,165.2,0.16
2017-03-03,166.09,0.89
2017-03-06,167.29,1.2
2017-03-07,167.74,0.45
2017-03-08,166.84,-0.9
2017-03-09,166.05,-0.79
2017-03-10,166.9,0.85
2017-03-13,167.71,0.81
2017-03-14,166.62,-1.09
2017-03-15,166.24,-0.38
2017-03-16,166.34,0.1
2017-03-17,164.83,-1.51
2017-03-20,164.53,-0.3
2017-03-21,163.44,-1.09
2017-03-22,162.09,-1.35
2017-03-23,163.57,1.48
2017-03-24,162.91,-0.66
2017-03-27,163.21,0.3
2017-03-28,162.48,-0.73
2017-03-29,162.15,-0.33
2017-03-30,162.02,-0.13
2017-03-31,162.27,0.25
2017-04-03,162.53,0.26
2017-04-04,162.01,-0.52
2017-04-05,162.67,0.66
2017-04-06,163.39,0.72
2017-04-07,164.27,0.88
2017-04-10,164.46,0.19
2017-04-11,165.3,0.84
2017-04-12,165.83,0.53
2017-04-13,165.94,0.11
2017-04-14,164.5,-1.44
2017-04-17,165.47,0.97
2017-04-18,165.22,-0.25
2017-04-19,165.45,0.23
2017-04-20,165.8,0.35
2017-04-21,165.85,0.05
2017-04-24,165.22,-0.63
2017-04-25,164.53,-0.69
2017-04-26,164.26,-0.27
2017-04-27,163.37,-0.89
2017-04-28,163.71,0.34
2017-05-02,164.35,0.64
2017-05-04,163.9,-0.45
2017-05-08,164.16,0.26
2017-05-10,163.9,-0.26
2017-05-11,164.07,0.17
2017-05-12,163.61,-0.46
2017-05-15,163.3,-0.31
2017-05-16,163.06,-0.24
2017-05-17,162.36,-0.7
2017-05-18,162.76,0.4
2017-05-19,163.66,0.9
2017-05-22,163.67,0.01
2017-05-23,162.36,-1.31
2017-05-24,162.89,0.53
2017-05-25,163.6,0.71
2017-05-26,162.73,-0.87
2017-05-29,163.53,0.8
2017-05-30,164.3,0.77
2017-05-31,164.59,0.29
2017-06-01,164.63,0.04
2017-06-02,166.26,1.63
2017-06-05,165.22,-1.04
2017-06-07,165.06,-0.16
2017-06-08,165.88,0.82
2017-06-09,166.21,0.33
2017-06-12,165.14,-1.07
2017-06-13,165.82,0.68
2017-06-14,166.24,0.42
2017-06-15,165.87,-0.37
2017-06-16,165.63,-0.24
2017-06-19,166.06,0.43
2017-06-20,166.01,-0.05
2017-06-21,166.42,0.41
2017-06-22,167.25,0.83
2017-06-23,167.07,-0.18
2017-06-26,166.72,-0.35
2017-06-27,165.84,-0.88
2017-06-28,165.84,0
2017-06-29,167.9,2.06
2017-06-30,167.79,-0.11
2017-07-03,168.97,1.18
2017-07-04,168.97,0
2017-07-05,168.91,-0.06
2017-07-06,169.02,0.11
2017-07-07,169.48,0.46
2017-07-10,169.94,0.46
2017-07-11,169.09,-0.85
2017-07-12,168.88,-0.21
2017-07-13,168.72,-0.16
2017-07-14,167.75,-0.97
2017-07-17,167.59,-0.16
2017-07-18,166.76,-0.83
2017-07-19,166.68,-0.08
2017-07-20,166.25,-0.43
2017-07-21,166.35,0.1
2017-07-24,165.92,-0.43
2017-07-25,165.29,-0.63
2017-07-26,165.44,0.15
2017-07-27,165.73,0.29
2017-07-28,165.28,-0.45
2017-07-31,165.85,0.57
2017-08-01,166.67,0.82
2017-08-02,166.26,-0.41
2017-08-03,166.94,0.68
2017-08-04,167.47,0.53
2017-08-07,167.37,-0.1
2017-08-08,167.49,0.12
2017-08-09,167.61,0.12
2017-08-10,169.27,1.66
2017-08-11,170.69,1.42
2017-08-14,171.57,0.88
2017-08-16,170.42,-1.15
2017-08-17,170.14,-0.28
2017-08-18,170.01,-0.13
2017-08-21,170.82,0.81
2017-08-22,170.44,-0.38
2017-08-23,170.45,0.01
2017-08-24,169.63,-0.82
2017-08-25,169.33,-0.3
2017-08-28,169.55,0.22
2017-08-29,168.82,-0.73
2017-08-30,170.26,1.44
2017-08-31,170.23,-0.03
2017-09-01,170.51,0.28
2017-09-04,170.5,-0.01
2017-09-05,172.63,2.13
2017-09-06,172.98,0.35
2017-09-07,173.32,0.34
2017-09-08,172.84,-0.48
2017-09-11,174.14,1.3
2017-09-12,173.26,-0.88
2017-09-13,172.62,-0.64
2017-09-14,172.61,-0.01
2017-09-15,172.88,0.27
2017-09-18,173.08,0.2
2017-09-19,172.25,-0.83
2017-09-20,171.59,-0.66
2017-09-21,171.79,0.2
2017-09-22,171.86,0.07
2017-09-25,172.71,0.85
2017-09-26,171.48,-1.23
2017-09-27,171.82,0.34
2017-09-28,171.83,0.01
2017-09-29,172.35,0.52
2017-10-10,171.98,-0.37
2017-10-11,172.78,0.8
2017-10-12,172.77,-0.01
2017-10-13,172.31,-0.46
2017-10-16,172.09,-0.22
2017-10-17,171.55,-0.54
2017-10-18,171.52,-0.03
2017-10-19,171.1,-0.42
2017-10-20,170.87,-0.23
2017-10-23,171.03,0.16
2017-10-24,170.63,-0.4
2017-10-25,170.16,-0.47
2017-10-26,169.96,-0.2
2017-10-27,169.58,-0.38
2017-10-30,169.72,0.14
2017-10-31,169.25,-0.47
2017-11-01,169.06,-0.19
2017-11-02,168.45,-0.61
2017-11-03,168.68,0.23
2017-11-06,168.24,-0.44
2017-11-07,168.32,0.08
2017-11-08,167.84,-0.48
2017-11-09,167.87,0.03
2017-11-10,167.92,0.05
2017-11-13,168.16,0.24
2017-11-14,168.37,0.21
2017-11-15,168.25,-0.12
2017-11-16,168.05,-0.2
2017-11-17,166.53,-1.52
2017-11-20,165.35,-1.18
2017-11-21,165.4,0.05
2017-11-22,165.11,-0.29
2017-11-23,164.76,-0.35
2017-11-24,165.08,0.32
2017-11-27,164.82,-0.26
2017-11-28,164.86,0.04
2017-11-29,164.98,0.12
2017-11-30,164.01,-0.97
2017-12-01,163.99,-0.02
2017-12-04,164.36,0.37
2017-12-05,164.53,0.17
2017-12-06,164.03,-0.5
2017-12-07,164.88,0.85
2017-12-08,165.18,0.3
2017-12-11,165.14,-0.04
2017-12-12,165.03,-0.11
2017-12-13,164.5,-0.53
2017-12-14,164.87,0.37
2017-12-15,164.41,-0.46
2017-12-18,164.91,0.5
2017-12-19,164.72,-0.19
2017-12-20,164.43,-0.29
2017-12-21,164.28,-0.15
2017-12-22,164.66,0.38
2017-12-26,164.3,-0.36
2017-12-27,164.58,0.28
2017-12-28,164.15,-0.43
2017-12-29,163.65,-0.5
2018-01-02,163.65,0
2018-01-03,163.82,0.17
2018-01-04,163.9,0.08
2018-01-05,163.92,0.02
2018-01-08,163.86,-0.06
2018-01-09,164.31,0.45
2018-01-10,164.08,-0.23
2018-01-11,163.86,-0.22
2018-01-12,164.16,0.3
2018-01-15,164.1,-0.06
2018-01-16,164.87,0.77
2018-01-17,165.37,0.5
2018-01-18,165.65,0.28
2018-01-19,166.07,0.42
2018-01-22,166.74,0.67
2018-01-23,166.86,0.12
2018-01-24,167.19,0.33
2018-01-25,167.44,0.25
2018-01-26,167.42,-0.02
2018-01-29,168.15,0.73
2018-01-30,168.33,0.18
2018-01-31,168.99,0.66
2018-02-01,169.26,0.27
2018-02-02,170.09,0.83
2018-02-05,171.15,1.06
2018-02-06,172.79,1.64
2018-02-07,173.7,0.91
2018-02-08,172.87,-0.83
2018-02-09,172.17,-0.7
2018-02-12,171.91,-0.26
2018-02-13,171.7,-0.21
2018-02-14,171.06,-0.64
2018-02-19,170.57,-0.49
2018-02-20,169.52,-1.05
2018-02-21,169.53,0.01
2018-02-22,169.53,0
2018-02-23,170.74,1.21
2018-02-26,170.2,-0.54
2018-02-27,169.98,-0.22
2018-02-28,170.2,0.22
2018-03-02,170.99,0.79
2018-03-05,170.21,-0.78
2018-03-06,170.7,0.49
2018-03-07,169.71,-0.99
2018-03-08,168.96,-0.75
2018-03-09,168.89,-0.07
2018-03-12,168.58,-0.31
2018-03-13,168.24,-0.34
2018-03-14,168.55,0.31
2018-03-15,168.74,0.19
2018-03-16,169.04,0.3
2018-03-19,169.05,0.01
2018-03-20,169.15,0.1
2018-03-21,169.35,0.2
2018-03-22,169.21,-0.14
2018-03-23,169.3,0.09
2018-03-26,170.6,1.3
2018-03-27,171.35,0.75
2018-03-28,171.52,0.17
2018-03-29,170.61,-0.91
2018-03-30,169.68,-0.93
2018-04-02,169.8,0.12
2018-04-03,168.83,-0.97
2018-04-04,168.6,-0.23
2018-04-05,168.26,-0.34
2018-04-06,168.56,0.3
2018-04-09,169.02,0.46
2018-04-10,169.41,0.39
2018-04-11,169.41,0
2018-04-12,169.91,0.5
2018-04-13,170.37,0.46
2018-04-16,170.27,-0.1
2018-04-17,170.85,0.58
2018-04-18,170.33,-0.52
2018-04-19,169.59,-0.74
2018-04-20,169.86,0.27
2018-04-23,170.03,0.17
2018-04-24,169.89,-0.14
2018-04-25,170.56,0.67
2018-04-26,171.07,0.51
2018-04-27,170.69,-0.38
2018-04-30,169.94,-0.75
2018-05-02,169.07,-0.87
2018-05-03,169.04,-0.03
2018-05-04,169.07,0.03
2018-05-08,169.71,0.64
2018-05-09,169.5,-0.21
2018-05-10,169.76,0.26
2018-05-11,169.22,-0.54
2018-05-14,168.69,-0.53
2018-05-15,168.42,-0.27
2018-05-16,169.23,0.81
2018-05-17,169.48,0.25
2018-05-18,169.9,0.42
2018-05-21,169.92,0.02
2018-05-23,170.09,0.17
2018-05-24,169.57,-0.52
2018-05-25,169.11,-0.46
2018-05-28,169.01,-0.1
2018-05-29,168.15,-0.86
2018-05-30,167.96,-0.19
2018-05-31,168.27,0.31
2018-06-01,167.99,-0.28
2018-06-04,167.76,-0.23
2018-06-05,166.94,-0.82
2018-06-07,166.86,-0.08
2018-06-08,167.31,0.45
2018-06-11,167.78,0.47
2018-06-12,167.6,-0.18
2018-06-14,167.73,0.13
2018-06-15,169.44,1.71
2018-06-18,169.97,0.53
2018-06-19,171.19,1.22
2018-06-20,171.2,0.01
2018-06-21,171.16,-0.04
2018-06-22,170.78,-0.38
2018-06-25,170.43,-0.35
2018-06-26,170.66,0.23
2018-06-27,170.1,-0.56
2018-06-28,169.36,-0.74
2018-06-29,169.41,0.05
2018-07-02,168.42,-0.99
2018-07-03,168.19,-0.23
2018-07-04,167.03,-1.16
2018-07-05,168.01,0.98
2018-07-06,168.27,0.26
2018-07-09,167.67,-0.6
2018-07-10,167.49,-0.18
2018-07-11,168.46,0.97
2018-07-12,167.78,-0.68
2018-07-13,167.98,0.2
2018-07-16,168.16,0.18
2018-07-17,168.26,0.1
2018-07-18,168.06,-0.2
2018-07-19,167.8,-0.26
2018-07-20,167.19,-0.61
2018-07-23,166.71,-0.48
2018-07-24,166.58,-0.13
2018-07-25,166.1,-0.48
2018-07-26,165.52,-0.58
2018-07-27,165.46,-0.06
2018-07-30,164.48,-0.98
2018-07-31,163.32,-1.16
2018-08-01,163.66,0.34
2018-08-02,163.85,0.19
2018-08-03,164.44,0.59
2018-08-06,163.88,-0.56
2018-08-07,164.22,0.34
2018-08-08,163.97,-0.25
2018-08-09,163.96,-0.01
2018-08-10,163.78,-0.18
2018-08-13,164.36,0.58
2018-08-14,164.78,0.42
2018-08-16,164.26,-0.52
2018-08-17,163.53,-0.73
2018-08-20,163.77,0.24
2018-08-21,163.88,0.11
2018-08-22,163.64,-0.24
2018-08-23,163.64,0
2018-08-24,163.29,-0.35
2018-08-27,163.17,-0.12
2018-08-28,163.76,0.59
2018-08-29,163.13,-0.63
2018-08-30,162.85,-0.28
2018-08-31,162.29,-0.56
2018-09-03,162.58,0.29
2018-09-04,162.73,0.15
2018-09-05,163.1,0.37
2018-09-06,162.97,-0.13
2018-09-07,163.66,0.69
2018-09-10,164.12,0.46
2018-09-11,164.15,0.03
2018-09-12,164.1,-0.05
2018-09-13,163.72,-0.38
2018-09-14,163.67,-0.05
2018-09-17,163.46,-0.21
2018-09-18,163.88,0.42
2018-09-19,163.83,-0.05
2018-09-20,163.86,0.03
2018-09-21,163.36,-0.5
2018-09-27,163.34,-0.02
2018-09-28,161.78,-1.56
2018-10-01,161.27,-0.51
2018-10-02,161.36,0.09
2018-10-04,162.13,0.77
2018-10-05,163.46,1.33
2018-10-08,163.91,0.45
2018-10-10,163.92,0.01
2018-10-11,163.62,-0.3
2018-10-12,164.64,1.02
2018-10-15,164.43,-0.21
2018-10-16,163.9,-0.53
2018-10-17,162.99,-0.91
2018-10-18,162.55,-0.44
2018-10-19,163.29,0.74
2018-10-22,163.41,0.12
2018-10-23,163.22,-0.19
2018-10-24,163.51,0.29
2018-10-25,162.99,-0.52
2018-10-26,163.7,0.71
2018-10-29,163.81,0.11
2018-10-30,163.55,-0.26
2018-10-31,163.59,0.04
2018-11-01,163.4,-0.19
2018-11-02,163.26,-0.14
2018-11-05,162.78,-0.48
2018-11-06,162.64,-0.14
2018-11-07,162.32,-0.32
2018-11-08,161.86,-0.46
2018-11-09,161.5,-0.36
2018-11-12,162.15,0.65
2018-11-13,162.79,0.64
2018-11-14,163.16,0.37
2018-11-15,162.96,-0.2
2018-11-16,162.96,0
2018-11-19,162.86,-0.1
2018-11-20,162.58,-0.28
2018-11-21,162.54,-0.04
2018-11-22,162.94,0.4
2018-11-23,163.09,0.15
2018-11-26,163.05,-0.04
2018-11-27,162.81,-0.24
2018-11-28,162.66,-0.15
2018-11-29,162.46,-0.2
2018-11-30,161.73,-0.73
2018-12-03,161.49,-0.24
2018-12-04,161.02,-0.47
2018-12-05,161.89,0.87
2018-12-06,162.28,0.39
2018-12-07,162.47,0.19
2018-12-10,162.51,0.04
2018-12-11,162.98,0.47
2018-12-12,163.49,0.51
2018-12-13,163.78,0.29
2018-12-14,163.65,-0.13
2018-12-17,164.05,0.4
2018-12-18,163.99,-0.06
2018-12-19,163.94,-0.05
2018-12-20,163.35,-0.59
2018-12-21,163.44,0.09
2018-12-24,163,-0.44
2018-12-26,162.82,-0.18
2018-12-27,163.2,0.38
2018-12-28,162.6,-0.6
2018-12-31,162.76,0.16
2019-01-02,162.76,0
2019-01-03,163.02,0.26
2019-01-04,163.74,0.72
2019-01-07,163.72,-0.02
2019-01-08,163.21,-0.51
2019-01-09,163.55,0.34
2019-01-10,163.81,0.26
2019-01-11,164.6,0.79
2019-01-14,165.36,0.76
2019-01-15,165.95,0.59
2019-01-16,165.83,-0.12
2019-01-17,165.61,-0.22
2019-01-18,165.67,0.06
2019-01-21,165.29,-0.38
2019-01-22,165.66,0.37
2019-01-23,165.92,0.26
2019-01-24,165.85,-0.07
2019-01-25,166.05,0.2
2019-01-28,165.73,-0.32
2019-01-29,165.63,-0.1
2019-01-30,165.6,-0.03
2019-01-31,165.89,0.29
2019-02-01,165.55,-0.34
2019-02-07,165.86,0.31
2019-02-08,165.75,-0.11
2019-02-11,165.5,-0.25
2019-02-12,165.8,0.3
2019-02-13,165.47,-0.33
2019-02-14,165.73,0.26
2019-02-15,166.06,0.33
2019-02-18,166.18,0.12
2019-02-19,166.17,-0.01
2019-02-20,166.32,0.15
2019-02-21,166.84,0.52
2019-02-22,167.65,0.81
2019-02-25,167.3,-0.35
2019-02-26,167.69,0.39
2019-02-27,167.11,-0.58
2019-02-28,167.14,0.03
2019-03-04,167.49,0.35
2019-03-05,168,0.51
2019-03-06,167.89,-0.11
2019-03-07,167.93,0.04
2019-03-08,167.91,-0.02
2019-03-11,168.35,0.44
2019-03-12,168.47,0.12
2019-03-13,167.89,-0.58
2019-03-14,168.58,0.69
2019-03-15,168.62,0.04
2019-03-18,169.05,0.43
2019-03-19,168.82,-0.23
2019-03-20,168.3,-0.52
2019-03-21,168.24,-0.06
2019-03-22,168.48,0.24
2019-03-25,168.5,0.02
2019-03-26,168.89,0.39
2019-03-27,168.59,-0.3
2019-03-28,168.78,0.19
2019-03-29,168.74,-0.04
2019-04-01,168.69,-0.05
2019-04-02,168.74,0.05
2019-04-03,168.97,0.23
2019-04-04,168.96,-0.01
2019-04-05,169,0.04
2019-04-08,169.27,0.27
2019-04-09,169.76,0.49
2019-04-10,170.06,0.3
2019-04-11,169.89,-0.17
2019-04-12,169.61,-0.28
2019-04-15,169.48,-0.13
2019-04-16,168.96,-0.52
2019-04-17,169.26,0.3
2019-04-18,169.49,0.23
2019-04-19,169.84,0.35
2019-04-22,169.62,-0.22
2019-04-23,170.04,0.42
2019-04-24,169.84,-0.2
2019-04-25,170.65,0.81
2019-04-26,171.88,1.23
2019-04-29,172.2,0.32
2019-04-30,171.93,-0.27
2019-05-02,172.49,0.56
2019-05-03,172.75,0.26
2019-05-07,173.48,0.73
2019-05-08,172.15,-1.33
2019-05-09,172.32,0.17
2019-05-10,172.19,-0.13
2019-05-13,172.36,0.17
2019-05-14,171.84,-0.52
2019-05-15,172.14,0.3
2019-05-16,172.23,0.09
2019-05-17,172.07,-0.16
2019-05-20,171.99,-0.08
2019-05-21,172.04,0.05
2019-05-22,172.22,0.18
2019-05-23,172.33,0.11
2019-05-24,171.7,-0.63
2019-05-27,171.74,0.04
2019-05-28,171.37,-0.37
2019-05-29,171.76,0.39
2019-05-30,172.29,0.53
2019-05-31,171.77,-0.52
2019-06-03,171.75,-0.02
2019-06-04,170.6,-1.15
2019-06-05,170.77,0.17
2019-06-07,170.35,-0.42
2019-06-10,170.09,-0.26
2019-06-11,170.22,0.13
2019-06-12,170.47,0.25
2019-06-13,170.61,0.14
2019-06-14,171.09,0.48
2019-06-17,170.74,-0.35
2019-06-18,171.15,0.41
2019-06-19,170.88,-0.27
2019-06-20,170.4,-0.48
2019-06-21,169.62,-0.78
2019-06-24,169.47,-0.15
2019-06-25,168.36,-1.11
2019-06-26,167.85,-0.51
2019-06-27,168.21,0.36
2019-06-28,168.08,-0.13
2019-07-01,168.31,0.23
2019-07-02,169.05,0.74
2019-07-03,169.86,0.81
2019-07-04,169.99,0.13
2019-07-05,170.17,0.18
2019-07-08,170.1,-0.07
2019-07-09,171.04,0.94
2019-07-10,171.32,0.28
2019-07-11,171.5,0.18
2019-07-12,170.67,-0.83
2019-07-15,171.17,0.5
2019-07-16,171.4,0.23
2019-07-17,171.39,-0.01
2019-07-18,171.43,0.04
2019-07-19,171.27,-0.16
2019-07-22,170.64,-0.63
2019-07-23,171.08,0.44
2019-07-24,171.19,0.11
2019-07-25,171.11,-0.08
2019-07-26,171.56,0.45
2019-07-29,172.17,0.61
2019-07-30,171.79,-0.38
2019-07-31,171.57,-0.22
2019-08-01,171.49,-0.08
2019-08-02,171.93,0.44
2019-08-05,171.75,-0.18
2019-08-06,171.52,-0.23
2019-08-07,171.42,-0.1
2019-08-08,171.59,0.17
2019-08-09,171.28,-0.31
2019-08-12,170.94,-0.34
2019-08-13,171.37,0.43
2019-08-14,171.71,0.34
2019-08-16,172.31,0.6
2019-08-19,172.14,-0.17
2019-08-20,171.72,-0.42
2019-08-21,171.13,-0.59
2019-08-22,170.24,-0.89
2019-08-23,170.23,-0.01
2019-08-26,170.86,0.63
2019-08-27,169.98,-0.88
2019-08-28,169.2,-0.78
2019-08-29,169.36,0.16
2019-08-30,169.48,0.12
2019-09-02,168.99,-0.49
2019-09-03,169,0.01
2019-09-04,169.12,0.12
2019-09-05,168.72,-0.4
2019-09-06,168.01,-0.71
2019-09-09,167.49,-0.52
2019-09-10,167.44,-0.05
2019-09-11,167.58,0.14
2019-09-16,167.56,-0.02
2019-09-17,167.56,0
2019-09-18,167.92,0.36
2019-09-19,168.08,0.16
2019-09-20,168.43,0.35
2019-09-23,168.2,-0.23
2019-09-24,167.89,-0.31
2019-09-25,167.93,0.04
2019-09-26,168.46,0.53
2019-09-27,168.35,-0.11
2019-09-30,168.52,0.17
2019-10-01,168.33,-0.19
2019-10-02,167.75,-0.58
2019-10-04,168.39,0.64
2019-10-07,167.99,-0.4
2019-10-08,167.76,-0.23
2019-10-10,167.64,-0.12
2019-10-11,167.87,0.23
2019-10-14,167.47,-0.4
2019-10-15,167.52,0.05
2019-10-16,167.38,-0.14
2019-10-17,167.22,-0.16
2019-10-18,167.05,-0.17
2019-10-21,166.78,-0.27
2019-10-22,166.15,-0.63
2019-10-23,165.57,-0.58
2019-10-24,165.79,0.22
2019-10-25,165.7,-0.09
2019-10-28,166.03,0.33
2019-10-29,165.66,-0.37
2019-10-30,165.29,-0.37
2019-10-31,165.45,0.16
2019-11-01,164.93,-0.52
2019-11-04,165.61,0.68
2019-11-05,165.08,-0.53
2019-11-06,165.23,0.15
2019-11-07,165.5,0.27
2019-11-08,165.41,-0.09
2019-11-11,165.63,0.22
2019-11-12,165.93,0.3
2019-11-13,166.18,0.25
2019-11-14,166.32,0.14
2019-11-15,166.67,0.35
2019-11-18,166.36,-0.31
2019-11-19,165.97,-0.39
2019-11-20,166.25,0.28
2019-11-21,166.37,0.12
2019-11-22,167.05,0.68
2019-11-25,167.47,0.42
2019-11-26,167.22,-0.25
2019-11-27,167.25,0.03
2019-11-28,167.46,0.21
2019-11-29,167.87,0.41
2019-12-02,167.84,-0.03
2019-12-03,167.95,0.11
2019-12-04,168.56,0.61
2019-12-05,168.83,0.27
2019-12-06,168.82,-0.01
2019-12-09,168.88,0.06
2019-12-10,169.11,0.23
2019-12-11,169.45,0.34
2019-12-12,169.64,0.19
2019-12-13,169.12,-0.52
2019-12-16,168.14,-0.98
2019-12-17,167.54,-0.6
2019-12-18,166.78,-0.76
2019-12-19,166.4,-0.38
2019-12-20,166.42,0.02
2019-12-23,166.14,-0.28
2019-12-24,165.8,-0.34
2019-12-26,166.01,0.21
2019-12-27,166.09,0.08
2019-12-30,165.87,-0.22
2019-12-31,165.74,-0.13
2020-01-02,165.74,0
2020-01-03,166.12,0.38
2020-01-06,166.65,0.53
2020-01-07,167.76,1.11
2020-01-08,167.53,-0.23
2020-01-09,168.73,1.2
2020-01-10,167.5,-1.23
2020-01-13,167.61,0.11
2020-01-14,167.37,-0.24
2020-01-15,167.71,0.34
2020-01-16,168,0.29
2020-01-17,168.35,0.35
2020-01-20,168.58,0.23
2020-01-21,168.94,0.36
2020-01-22,169.06,0.12
2020-01-23,168.69,-0.37
2020-01-28,168.65,-0.04
2020-01-29,168.71,0.06
2020-01-30,169,0.29
2020-01-31,169.55,0.55
2020-02-03,170.06,0.51
2020-02-04,170.61,0.55
2020-02-05,169.72,-0.89
2020-02-06,169.77,0.05
2020-02-07,169.55,-0.22
2020-02-10,170.06,0.51
2020-02-11,170.01,-0.05
2020-02-12,169.63,-0.38
2020-02-13,169.29,-0.34
2020-02-14,169.09,-0.2
2020-02-17,169.42,0.33
2020-02-18,169.36,-0.06
2020-02-19,169.88,0.52
2020-02-20,169.88,0
2020-02-21,170.36,0.48
2020-02-24,171.2,0.84
2020-02-25,172.99,1.79
2020-02-26,172.66,-0.33
2020-02-27,173.04,0.38
2020-02-28,173.08,0.04
2020-03-02,173.26,0.18
2020-03-03,171.78,-1.48
2020-03-04,170.95,-0.83
2020-03-05,170.99,0.04
2020-03-06,170.72,-0.27
2020-03-09,171.24,0.52
2020-03-10,173.46,2.22
2020-03-11,172.39,-1.07
2020-03-12,171.43,-0.96
2020-03-13,172.41,0.98
2020-03-16,174.28,1.87
2020-03-17,174.18,-0.1
2020-03-18,177.35,3.17
2020-03-19,176.1,-1.25
2020-03-20,180.44,4.34
2020-03-23,176.51,-3.93
2020-03-24,179.26,2.75
2020-03-25,176.86,-2.4
2020-03-26,173.76,-3.1
2020-03-27,172.23,-1.53
2020-03-30,171.1,-1.13
2020-03-31,172.43,1.33
2020-04-01,171.96,-0.47
2020-04-02,172.01,0.05
2020-04-03,173.67,1.66
2020-04-06,173.18,-0.49
2020-04-07,173.54,0.36
2020-04-08,172.42,-1.12
2020-04-09,172.45,0.03
2020-04-10,171.95,-0.5
2020-04-13,172.07,0.12
2020-04-14,172.75,0.68
2020-04-16,172.6,-0.15
2020-04-17,173.31,0.71
2020-04-20,172.16,-1.15
2020-04-21,172.04,-0.12
2020-04-22,173.68,1.64
2020-04-23,174.12,0.44
2020-04-24,173.73,-0.39
2020-04-27,174.24,0.51
2020-04-28,173.71,-0.53
2020-04-29,172.83,-0.88
2020-05-04,171.99,-0.84
2020-05-06,171.95,-0.04
2020-05-07,172.14,0.19
2020-05-08,172.29,0.15
2020-05-11,171.84,-0.45
2020-05-12,171.69,-0.15
2020-05-13,172.63,0.94
2020-05-14,172.64,0.01
2020-05-15,172.69,0.05
2020-05-18,172.79,0.1
2020-05-19,172.84,0.05
2020-05-20,171.99,-0.85
2020-05-21,172.53,0.54
2020-05-22,173.1,0.57
2020-05-25,173.25,0.15
2020-05-26,173.72,0.47
2020-05-27,173,-0.72
2020-05-28,172.15,-0.85
2020-05-29,172.63,0.48
2020-06-01,172.62,-0.01
2020-06-02,172.18,-0.44
2020-06-03,171.8,-0.38
2020-06-04,171.09,-0.71
2020-06-05,170.8,-0.29
2020-06-08,170.63,-0.17
2020-06-09,170.06,-0.57
2020-06-10,169.25,-0.81
2020-06-11,168.77,-0.48
2020-06-12,168.84,0.07
2020-06-15,170.4,1.56
2020-06-16,170.71,0.31
2020-06-17,170.82,0.11
2020-06-18,171.61,0.79
2020-06-19,171.27,-0.34
2020-06-22,171.18,-0.09
2020-06-23,171.48,0.3
2020-06-24,171.23,-0.25
2020-06-25,170.22,-1.01
2020-06-26,170.33,0.11
2020-06-29,169.33,-1
2020-06-30,169.66,0.33
2020-07-01,169.43,-0.23
2020-07-02,169.91,0.48
2020-07-03,169.85,-0.06
2020-07-06,169.9,0.05
2020-07-07,169.69,-0.21
2020-07-08,170.24,0.55
2020-07-09,170.27,0.03
2020-07-10,171.01,0.74
2020-07-13,171.63,0.62
2020-07-14,171.49,-0.14
2020-07-15,172.1,0.61
2020-07-16,171.59,-0.51
2020-07-17,172.22,0.63
2020-07-20,172.26,0.04
2020-07-21,172.18,-0.08
2020-07-22,171.43,-0.75
2020-07-23,171.26,-0.17
2020-07-24,171.04,-0.22
2020-07-27,171.15,0.11
2020-07-28,170.78,-0.37
2020-07-29,170.75,-0.03
2020-07-30,170.65,-0.1
2020-07-31,170.26,-0.39
2020-08-03,170.01,-0.25
2020-08-04,170.99,0.98
2020-08-05,170.86,-0.13
2020-08-06,170.91,0.05
2020-08-07,170.64,-0.27
2020-08-10,170.42,-0.22
2020-08-11,170.37,-0.05
2020-08-12,170.41,0.04
2020-08-13,170.64,0.23
2020-08-14,170.66,0.02
2020-08-18,170.76,0.1
2020-08-19,171.1,0.34
2020-08-20,171.1,0
2020-08-21,171.55,0.45
2020-08-24,171.75,0.2
2020-08-25,172.09,0.34
2020-08-26,171.75,-0.34
2020-08-27,172.04,0.29
2020-08-28,172.34,0.3
2020-08-31,172.31,-0.03
2020-09-01,172.74,0.43
2020-09-02,173.48,0.74
2020-09-03,173.67,0.19
2020-09-04,173.69,0.02
2020-09-07,173.9,0.21
2020-09-08,173.77,-0.13
2020-09-09,173.8,0.03
2020-09-10,173.59,-0.21
2020-09-11,173.39,-0.2
2020-09-14,173.81,0.42
2020-09-15,173.45,-0.36
2020-09-16,173.9,0.45
2020-09-17,173.88,-0.02
2020-09-18,173.69,-0.19
2020-09-21,172.24,-1.45
2020-09-22,171.85,-0.39
2020-09-23,171.4,-0.45
2020-09-24,171.39,-0.01
2020-09-25,171.54,0.15
2020-09-28,171.57,0.03
2020-09-29,171.9,0.33
2020-10-05,171.37,-0.53
2020-10-06,172.58,1.21
2020-10-07,172.52,-0.06
2020-10-08,172.28,-0.24
2020-10-12,171.73,-0.55
2020-10-13,170.93,-0.8
2020-10-14,170.31,-0.62
2020-10-15,170.05,-0.26
2020-10-16,170.66,0.61
2020-10-19,170.61,-0.05
2020-10-20,170.65,0.04
2020-10-21,170.62,-0.03
2020-10-22,170.52,-0.1
2020-10-23,170.4,-0.12
2020-10-26,169.96,-0.44
2020-10-27,169.09,-0.87
2020-10-28,168.44,-0.65
2020-10-29,168.23,-0.21
2020-10-30,168.81,0.58
2020-11-02,168.7,-0.11
2020-11-03,169.57,0.87
2020-11-04,169.61,0.04
2020-11-05,169.46,-0.15
2020-11-06,170.17,0.71
2020-11-09,170,-0.17
2020-11-10,169.71,-0.29
2020-11-11,168.95,-0.76
2020-11-12,168.86,-0.09
2020-11-13,168.32,-0.54
2020-11-16,168.46,0.14
2020-11-17,168.43,-0.03
2020-11-18,168.6,0.17
2020-11-19,168.79,0.19
2020-11-20,169.73,0.94
2020-11-23,169.51,-0.22
2020-11-24,169.69,0.18
2020-11-25,169.01,-0.68
2020-11-26,168.35,-0.66
2020-11-27,168.56,0.21
2020-11-30,168.02,-0.54
2020-12-01,168.03,0.01
2020-12-02,168.44,0.41
2020-12-03,168.34,-0.1
2020-12-04,167.56,-0.78
2020-12-07,166.42,-1.14
2020-12-08,166.08,-0.34
2020-12-09,166.18,0.1
2020-12-10,166.42,0.24
2020-12-11,166.34,-0.08
2020-12-14,166.75,0.41
2020-12-15,167.08,0.33
2020-12-16,167.29,0.21
2020-12-17,167.41,0.12
2020-12-18,167.83,0.42
2020-12-21,168.5,0.67
2020-12-22,168.42,-0.08
2020-12-23,169.18,0.76
2020-12-24,169.57,0.39
2020-12-28,169.25,-0.32
2020-12-29,168.22,-1.03
2020-12-30,167.56,-0.66
2020-12-31,166.96,-0.6
2021-01-04,166.96,0
2021-01-05,167.55,0.59
2021-01-06,168.7,1.15
2021-01-07,168.86,0.16
2021-01-08,168.9,0.04
2021-01-11,169.41,0.51
2021-01-12,169.34,-0.07
2021-01-13,170.07,0.73
2021-01-14,169.84,-0.23
2021-01-15,170.2,0.36
2021-01-18,169.75,-0.45
2021-01-19,170.19,0.44
2021-01-20,169.66,-0.53
2021-01-21,169.95,0.29
2021-01-22,170.2,0.25
2021-01-25,170.32,0.12
2021-01-26,170.03,-0.29
2021-01-27,170.1,0.07
2021-01-28,170.71,0.61
2021-01-29,171.45,0.74
2021-02-01,172.37,0.92
2021-02-02,172.97,0.6
2021-02-03,172.54,-0.43
2021-02-04,172.48,-0.06
2021-02-05,172.76,0.28
2021-02-08,173.64,0.88
2021-02-09,173.31,-0.33
2021-02-10,173.26,-0.05
2021-02-15,172.78,-0.48
2021-02-16,172.1,-0.68
2021-02-17,171.58,-0.52
2021-02-18,172.1,0.52
2021-02-19,171.71,-0.39
2021-02-22,171.5,-0.21
2021-02-23,171.4,-0.1
2021-02-24,171.9,0.5
2021-02-25,171.84,-0.06
2021-02-26,171.86,0.02
2021-03-02,173.16,1.3
2021-03-03,173.27,0.11
2021-03-04,173.63,0.36
2021-03-05,174.03,0.4
2021-03-08,174.11,0.08
2021-03-09,173.59,-0.52
2021-03-10,174.34,0.75
2021-03-11,174.99,0.65
2021-03-12,174.84,-0.15
2021-03-15,174.5,-0.34
2021-03-16,174.61,0.11
2021-03-17,174.29,-0.32
2021-03-18,174.04,-0.25
2021-03-19,173.13,-0.91
2021-03-22,173.72,0.59
2021-03-23,173.66,-0.06
2021-03-24,173.35,-0.31
2021-03-25,173.68,0.33
2021-03-26,173.58,-0.1
2021-03-29,173.02,-0.56
2021-03-30,172.9,-0.12
2021-03-31,172.35,-0.55
2021-04-01,172.28,-0.07
2021-04-02,171.76,-0.52
2021-04-05,171.66,-0.1
2021-04-06,171.44,-0.22
2021-04-07,171.32,-0.12
2021-04-08,170.6,-0.72
2021-04-09,170.6,0
2021-04-12,170.34,-0.26
2021-04-13,171.42,1.08
2021-04-14,171.9,0.48
2021-04-15,171.1,-0.8
2021-04-16,170.96,-0.14
2021-04-19,171.07,0.11
2021-04-20,171.36,0.29
2021-04-21,171.34,-0.02
2021-04-22,171.95,0.61
2021-04-23,172.1,0.15
2021-04-26,172.38,0.28
2021-04-27,171.87,-0.51
2021-04-28,171.54,-0.33
2021-04-29,171.57,0.03
2021-04-30,171.2,-0.37
2021-05-03,171.48,0.28
2021-05-04,172.71,1.23
2021-05-06,173.21,0.5
2021-05-07,173.61,0.4
2021-05-10,173.61,0
2021-05-11,173.48,-0.13
2021-05-12,174.29,0.81
2021-05-13,174.62,0.33
2021-05-14,175.21,0.59
2021-05-17,175.24,0.03
2021-05-18,175.95,0.71
2021-05-20,176.03,0.08
2021-05-21,175.85,-0.18
2021-05-24,175.25,-0.6
2021-05-25,175.31,0.06
2021-05-26,175.24,-0.07
2021-05-27,174.89,-0.35
2021-05-28,175.2,0.31
2021-05-31,175.22,0.02
2021-06-01,174.97,-0.25
2021-06-02,173.78,-1.19
2021-06-03,173.81,0.03
2021-06-04,174.15,0.34
2021-06-07,174.52,0.37
2021-06-08,173.76,-0.76
2021-06-09,174.4,0.64
2021-06-10,174.38,-0.02
2021-06-11,174.65,0.27
2021-06-14,174.13,-0.52
2021-06-15,174.4,0.27
2021-06-16,174.57,0.17
2021-06-17,174.53,-0.04
2021-06-18,175.73,1.2
2021-06-21,175.43,-0.3
2021-06-22,175.59,0.16
2021-06-23,175.18,-0.41
2021-06-24,175.23,0.05
2021-06-25,175.23,0
2021-06-28,174.56,-0.67
2021-06-29,174.77,0.21
2021-06-30,174.84,0.07
2021-07-01,174.86,0.02
2021-07-02,175.01,0.15
2021-07-05,175.06,0.05
2021-07-06,174.71,-0.35
2021-07-07,175.14,0.43
2021-07-08,175.51,0.37
2021-07-09,176.51,1
2021-07-12,176.91,0.4
2021-07-13,177,0.09
2021-07-14,176.88,-0.12
2021-07-15,177.51,0.63
2021-07-16,177.01,-0.5
2021-07-19,176.45,-0.56
2021-07-20,176.67,0.22
2021-07-21,177.26,0.59
2021-07-22,177.59,0.33
2021-07-23,177.89,0.3
2021-07-26,177.56,-0.33
2021-07-27,177.76,0.2
2021-07-28,177.6,-0.16
2021-07-29,177.24,-0.36
2021-07-30,177.12,-0.12
2021-08-02,177.57,0.45
2021-08-03,178.16,0.59
2021-08-04,178.06,-0.1
2021-08-05,177.38,-0.68
2021-08-06,176.85,-0.53
2021-08-09,176.76,-0.09
2021-08-10,176.78,0.02
2021-08-11,177.15,0.37
2021-08-12,178.03,0.88
2021-08-13,178.82,0.79
2021-08-17,180.19,1.37
2021-08-18,181.57,1.38
2021-08-19,180.42,-1.15
2021-08-20,180.77,0.35
2021-08-23,181.04,0.27
2021-08-24,180.71,-0.33
2021-08-25,180.02,-0.69
2021-08-26,180.2,0.18
2021-08-27,180.56,0.36
2021-08-30,180.5,-0.06
2021-08-31,180.09,-0.41
2021-09-01,179.97,-0.12
2021-09-02,179.17,-0.8
2021-09-03,179.72,0.55
2021-09-06,179.19,-0.53
2021-09-07,179.49,0.3
2021-09-08,179.46,-0.03
2021-09-09,180.19,0.73
2021-09-10,181.16,0.97
2021-09-13,181.44,0.28
2021-09-14,182.19,0.75
2021-09-15,181.94,-0.25
2021-09-16,181.93,-0.01
2021-09-17,181.9,-0.03
2021-09-23,182.5,0.6
2021-09-24,182.19,-0.31
2021-09-27,181.89,-0.3
2021-09-28,182.07,0.18
2021-09-29,183.03,0.96
2021-09-30,183.03,0
2021-10-01,183.08,0.05
2021-10-05,183.91,0.83
2021-10-06,183.99,0.08
2021-10-07,184.36,0.37
2021-10-08,184.38,0.02
2021-10-12,185,0.62
2021-10-13,185.74,0.74
2021-10-14,185.12,-0.62
2021-10-15,184.65,-0.47
2021-10-18,183.79,-0.86
2021-10-19,184.4,0.61
2021-10-20,184.32,-0.08
2021-10-21,183.82,-0.5
2021-10-22,184.04,0.22
2021-10-25,184.34,0.3
2021-10-26,183.28,-1.06
2021-10-27,182.66,-0.62
2021-10-28,183.22,0.56
2021-10-29,183.08,-0.14
2021-11-01,183.12,0.04
2021-11-02,183.78,0.66
2021-11-03,183.8,0.02
2021-11-04,184.55,0.75
2021-11-05,184.4,-0.15
2021-11-08,185.21,0.81
2021-11-09,185.15,-0.06
2021-11-10,184.36,-0.79
2021-11-11,184.81,0.45
2021-11-12,185.15,0.34
2021-11-15,184.48,-0.67
2021-11-16,185.04,0.56
2021-11-17,185.07,0.03
2021-11-18,185.37,0.3
2021-11-19,185.07,-0.3
2021-11-22,185.33,0.26
2021-11-23,185.94,0.61
2021-11-24,186.13,0.19
2021-11-25,186.07,-0.06
2021-11-26,186.14,0.07
2021-11-29,186.64,0.5
2021-11-30,186.8,0.16
2021-12-01,186.26,-0.54
2021-12-02,185.1,-1.16
2021-12-03,184.83,-0.27
2021-12-06,184.95,0.12
2021-12-07,185.73,0.78
2021-12-08,185.41,-0.32
2021-12-09,184.93,-0.48
2021-12-10,185.12,0.19
2021-12-13,184.86,-0.26
2021-12-14,185.14,0.28
2021-12-15,185.77,0.63
2021-12-16,186.03,0.26
2021-12-17,185.6,-0.43
2021-12-20,185.93,0.33
2021-12-21,186.04,0.11
2021-12-22,186.53,0.49
2021-12-23,186.72,0.19
2021-12-24,186.47,-0.25
2021-12-27,186,-0.47
2021-12-28,186.09,0.09
2021-12-29,186.13,0.04
2021-12-30,186.2,0.07
2021-12-31,186.26,0.06
2022-01-03,186.26,0
2022-01-04,187.36,1.1
2022-01-05,187.43,0.07
2022-01-06,187.94,0.51
2022-01-07,188,0.06
2022-01-10,188.18,0.18
2022-01-11,188.21,0.03
2022-01-12,187.35,-0.86
2022-01-13,186.84,-0.51
2022-01-14,186.73,-0.11
2022-01-17,186.63,-0.1
2022-01-18,187.64,1.01
2022-01-19,187.29,-0.35
2022-01-20,187.38,0.09
2022-01-21,187.65,0.27
2022-01-24,188.04,0.39
2022-01-25,188.43,0.39
2022-01-26,189.1,0.67
2022-01-27,189.12,0.02
2022-01-28,189.34,0.22
2022-02-03,189.59,0.25
2022-02-04,189.39,-0.2
2022-02-07,188.82,-0.57
2022-02-08,188.52,-0.3
2022-02-09,188.31,-0.21
2022-02-10,187.81,-0.5
2022-02-11,187.96,0.15
2022-02-14,188.44,0.48
2022-02-15,188.31,-0.13
2022-02-16,188.45,0.14
2022-02-17,188.81,0.36
2022-02-18,189.01,0.2
2022-02-21,188.86,-0.15
2022-02-22,189.1,0.24
2022-02-23,188.58,-0.52
2022-02-24,188.51,-0.07
2022-02-25,189.68,1.17
2022-02-28,190.41,0.73
2022-03-02,190.83,0.42
2022-03-03,190.85,0.02
2022-03-04,190.37,-0.48
2022-03-07,191.63,1.26
2022-03-08,193.82,2.19
2022-03-10,195.37,1.55
2022-03-11,194.35,-1.02
2022-03-14,194.87,0.52
2022-03-15,194.77,-0.1
2022-03-16,194.25,-0.52
2022-03-17,194.7,0.45
2022-03-18,192.05,-2.65
2022-03-21,190.5,-1.55
2022-03-22,190.32,-0.18
2022-03-23,191.59,1.27
2022-03-24,190.01,-1.58
2022-03-25,190.91,0.9
2022-03-28,191.11,0.2
2022-03-29,191.83,0.72
2022-03-30,191.3,-0.53
2022-03-31,190.02,-1.28
2022-04-01,190.44,0.42
2022-04-04,191.27,0.83
2022-04-05,191.13,-0.14
2022-04-06,190.3,-0.83
2022-04-07,191.13,0.83
2022-04-08,191.41,0.28
2022-04-11,192.44,1.03
2022-04-12,193.2,0.76
2022-04-13,193.77,0.57
2022-04-14,192.34,-1.43
2022-04-15,192.02,-0.32
2022-04-18,192.79,0.77
2022-04-19,193.24,0.45
2022-04-20,193.45,0.21
2022-04-21,192.58,-0.87
2022-04-22,191.43,-1.15
2022-04-25,191.55,0.12
2022-04-26,189.83,-1.72
2022-04-27,190.2,0.37
2022-04-28,191.67,1.47
2022-04-29,192.03,0.36
2022-05-02,189.91,-2.12
2022-05-03,189.55,-0.36
2022-05-04,189.51,-0.04
2022-05-06,189.72,0.21
2022-05-09,189.74,0.02
2022-05-10,188.87,-0.87
2022-05-11,189.34,0.47
2022-05-12,189.27,-0.07
2022-05-13,189.87,0.6
2022-05-16,188.43,-1.44
2022-05-17,188.53,0.1
2022-05-18,188.28,-0.25
2022-05-19,187.94,-0.34
2022-05-20,188.13,0.19
2022-05-23,188.93,0.8
2022-05-24,189.66,0.73
2022-05-25,189.48,-0.18
2022-05-26,189.29,-0.19
2022-05-27,187.88,-1.41
2022-05-30,185.74,-2.14
2022-05-31,186.4,0.66
2022-06-02,185.3,-1.1
2022-06-03,186.69,1.39
2022-06-07,187.04,0.35
2022-06-08,188.4,1.36
2022-06-09,188.1,-0.3
2022-06-10,188.02,-0.08
2022-06-13,189,0.98
2022-06-14,190.6,1.6
2022-06-15,190.96,0.36
2022-06-16,191.98,1.02
2022-06-17,191.62,-0.36
2022-06-20,192.12,0.5
2022-06-21,193.18,1.06
2022-06-22,193.11,-0.07
2022-06-23,192.99,-0.12
2022-06-24,193.77,0.78
2022-06-27,193.97,0.2
2022-06-28,192.07,-1.9
2022-06-29,191.92,-0.15
2022-06-30,192.75,0.83
2022-07-01,193.89,1.14
2022-07-04,193.06,-0.83
2022-07-05,193.79,0.73
2022-07-06,194.16,0.37
2022-07-07,194.76,0.6
2022-07-08,194.25,-0.51
2022-07-11,193.94,-0.31
2022-07-12,194.05,0.11
2022-07-13,194.86,0.81
2022-07-14,193.79,-1.07
2022-07-15,194.44,0.65
2022-07-18,195.56,1.12
2022-07-19,194.78,-0.78
2022-07-20,194.82,0.04
2022-07-21,193.88,-0.94
2022-07-22,194.01,0.13
2022-07-25,193.74,-0.27
2022-07-26,193.71,-0.03
2022-07-27,193.84,0.13
2022-07-28,194.14,0.3
2022-07-29,193.35,-0.79
2022-08-01,192.37,-0.98
2022-08-02,193.14,0.77
2022-08-03,192.67,-0.47
2022-08-04,193.71,1.04
2022-08-05,193.83,0.12
2022-08-08,192.2,-1.63
2022-08-09,192.73,0.53
2022-08-10,193.09,0.36
2022-08-11,193.55,0.46
2022-08-12,193.28,-0.27
2022-08-16,193.31,0.03
2022-08-17,192.58,-0.73
2022-08-18,192.92,0.34
2022-08-19,193.81,0.89
2022-08-22,194.51,0.7
2022-08-23,195.57,1.06
2022-08-24,195.32,-0.25
2022-08-25,195.27,-0.05
2022-08-26,194.73,-0.54
2022-08-29,194.2,-0.53
2022-08-30,194.85,0.65
2022-08-31,194.84,-0.01
2022-09-01,194.61,-0.23
2022-09-02,195.37,0.76
2022-09-05,196.35,0.98
2022-09-06,197.45,1.1
2022-09-07,197.52,0.07
2022-09-08,198.52,1
2022-09-13,198.27,-0.25
2022-09-14,198.66,0.39
2022-09-15,199.62,0.96
2022-09-16,199.92,0.3
2022-09-19,198.85,-1.07
2022-09-20,198.32,-0.53
2022-09-21,198.08,-0.24
2022-09-22,197.8,-0.28
2022-09-23,198.45,0.65
2022-09-26,198.4,-0.05
2022-09-27,199.66,1.26
2022-09-28,199.31,-0.35
2022-09-29,199.06,-0.25
2022-09-30,199.66,0.6
2022-10-04,201.26,1.6
2022-10-05,201.79,0.53
2022-10-06,201.52,-0.27
2022-10-07,199.4,-2.12
2022-10-11,198.64,-0.76
2022-10-12,199.66,1.02
2022-10-13,199.23,-0.43
2022-10-14,198.74,-0.49
2022-10-17,198.79,0.05
2022-10-18,199.25,0.46
2022-10-19,198.12,-1.13
2022-10-20,196.21,-1.91
2022-10-21,197.35,1.14
2022-10-24,197.77,0.42
2022-10-25,197.86,0.09
2022-10-26,195.58,-2.28
2022-10-27,195.17,-0.41
2022-10-28,196.77,1.6
2022-10-31,195.94,-0.83
2022-11-01,195.2,-0.74
2022-11-02,193.88,-1.32
2022-11-03,194.53,0.65
2022-11-04,193.88,-0.65
2022-11-07,194.89,1.01
2022-11-08,194.62,-0.27
2022-11-09,191.37,-3.25
2022-11-10,188.42,-2.95
2022-11-11,188.87,0.45
2022-11-14,186.43,-2.44
2022-11-15,187.67,1.24
2022-11-16,187.62,-0.05
2022-11-17,187.62,0
2022-11-18,187.99,0.37
2022-11-21,187.49,-0.5
2022-11-22,189.06,1.57
2022-11-23,189.19,0.13
2022-11-24,189.11,-0.08
2022-11-25,186.88,-2.23
2022-11-28,184.92,-1.96
2022-11-29,185.43,0.51
2022-11-30,184.64,-0.79
2022-12-01,184.62,-0.02
2022-12-02,184.52,-0.1
2022-12-05,184.3,-0.22
2022-12-06,185.82,1.52
2022-12-07,187.81,1.99
2022-12-08,189.02,1.21
2022-12-09,189.55,0.53
2022-12-12,188.07,-1.48
2022-12-13,187.67,-0.4
2022-12-14,187.12,-0.55
2022-12-15,186.12,-1
2022-12-16,186.99,0.87
2022-12-19,187.57,0.58
2022-12-20,186.4,-1.17
2022-12-21,186.32,-0.08
2022-12-22,184.6,-1.72
2022-12-23,182.86,-1.74
2022-12-26,183.22,0.36
2022-12-27,182.61,-0.61
2022-12-28,181.75,-0.86
2022-12-29,181.98,0.23
2022-12-30,181.44,-0.54
2023-01-02,181.44,0
2023-01-03,183.2,1.76
2023-01-04,184.01,0.81
2023-01-05,184.68,0.67
2023-01-06,184.48,-0.2
2023-01-09,184.56,0.08
2023-01-10,183.24,-1.32
2023-01-11,182.9,-0.34
2023-01-12,183.81,0.91