2023-01-04,75770,280,75610,75860,75610
2023-01-03,75490,340,75150,75510,75130
2023-01-02,75150,790,74400,75170,74400
2022-12-29,74360,-60,74390,74470,74120
2022-12-28,74420,-60,74480,74650,74390
2022-12-27,74480,-30,74310,74490,74050
2022-12-26,74510,150,74400,74920,74400
2022-12-23,74360,-620,74980,75350,74210
2022-12-22,74980,-220,75200,75200,74850
2022-12-21,75200,460,75270,75410,75090
2022-12-20,74740,-490,75240,75240,74700
2022-12-19,75230,250,75400,75450,74990
2022-12-16,74980,-240,75200,75420,74970
2022-12-15,75220,-90,75320,75610,75080
2022-12-14,75310,400,75010,75670,75010
2022-12-13,74910,-120,75350,75350,74770
2022-12-12,75030,-250,75490,75600,75030
2022-12-09,75280,-350,75630,75750,75180
2022-12-08,75630,360,75280,75720,75280
2022-12-07,75270,270,75050,75320,74960
2022-12-06,75000,-120,74500,75030,74360
2022-12-05,75120,-110,75230,75230,74840
2022-12-02,75230,550,75500,75500,75040
2022-12-01,74680,30,75350,75350,74420
2022-11-30,74650,-310,74960,75100,74460
2022-11-29,74960,-320,75150,75220,74610
2022-11-28,75280,370,75000,75410,75000
2022-11-25,74910,-160,75040,75270,74740
2022-11-24,75070,-390,75460,75800,74940
2022-11-23,75460,-380,76000,76000,75460
2022-11-22,75840,-60,75950,76000,75690
2022-11-21,75900,80,75810,76000,75660
2022-11-18,75820,-50,75870,75960,75700
2022-11-17,75870,420,75600,76070,75600
2022-11-16,75450,240,75310,75630,75280
2022-11-15,75210,-130,75340,75500,75130
2022-11-14,75340,540,75020,75390,74410
2022-11-11,74800,-640,76190,76190,74630
2022-11-10,75440,320,75120,75500,74870
2022-11-09,75120,560,75420,75750,74940
2022-11-08,74560,-910,75260,75260,74440
2022-11-07,75470,330,76150,76150,75370
2022-11-04,75140,180,74860,75200,74820
2022-11-03,74960,-360,75150,75190,74800
2022-11-02,75320,320,75060,75410,75060
2022-11-01,75000,-370,75230,75260,74930
2022-10-31,75370,-500,75690,75690,75150
2022-10-28,75870,-110,75980,76190,75850
2022-10-27,75980,0,75990,76040,75920
2022-10-26,75980,-130,76100,76100,75910
2022-10-25,76110,-460,76610,76750,75890
2022-10-24,76570,1370,75750,76650,75750
2022-10-21,75200,-50,75250,75300,75110
2022-10-20,75250,-390,75500,75500,74910
2022-10-19,75640,-220,75900,76020,75220
2022-10-18,75860,-490,76350,76350,75820
2022-10-17,76350,-360,76700,76700,76270
2022-10-14,76710,-50,76750,76750,76470
2022-10-13,76760,140,76630,76970,76630
2022-10-12,76620,-360,76960,76960,76490
2022-10-11,76980,-650,76750,76980,76690
2022-10-07,77630,70,77600,77720,77140
2022-10-06,77560,-370,77800,78000,77330
2022-10-05,77930,80,78200,78300,77930
2022-10-04,77850,1610,76990,77880,76990
2022-09-30,76240,650,76000,76240,75980
2022-09-29,75590,480,75500,76100,75500
2022-09-28,75110,210,74850,75150,74710
2022-09-27,74900,-350,75190,75190,74790
2022-09-26,75250,-330,75150,75270,74940
2022-09-23,75580,430,75200,75640,75200
2022-09-22,75150,240,74990,75320,74990
2022-09-21,74910,230,74680,74910,74440
2022-09-20,74680,120,75000,75020,74660
2022-09-19,74560,320,74800,74800,74490
2022-09-16,74240,-1290,74930,74930,74230
2022-09-15,75530,-320,75840,75840,75430
2022-09-14,75850,-130,75600,76000,75600
2022-09-13,75980,-40,76080,76130,75920
2022-09-08,76020,590,75890,76160,75880
2022-09-07,75430,-350,75500,75570,75390
2022-09-06,75780,350,75430,75800,75250
2022-09-05,75430,1180,74660,75550,74660
2022-09-02,74250,-50,74130,74480,73990
2022-09-01,74300,-10,73950,74390,73950
2022-08-31,74310,-760,74600,74890,74270
2022-08-30,75070,310,75140,75340,75050
2022-08-29,74760,-390,74980,74980,74560
2022-08-26,75150,-220,75370,75370,75000
2022-08-25,75370,200,75300,75410,75200
2022-08-24,75170,200,75060,75300,75050
2022-08-23,74970,50,74920,75000,74780
2022-08-22,74920,120,74810,75000,74810
2022-08-19,74800,-50,74910,75040,74690
2022-08-18,74850,-50,74880,74880,74620
2022-08-17,74900,-20,74910,74940,74640
2022-08-16,74920,-60,75070,75070,74820
2022-08-12,74980,330,75100,75130,74830
2022-08-11,74650,-560,75100,75100,74600
2022-08-10,75210,400,74820,75360,74820
2022-08-09,74810,310,74680,74950,74680
2022-08-08,74500,-160,74500,74510,74280
2022-08-05,74660,40,75040,75210,74630
2022-08-04,74620,140,74340,74790,74260
2022-08-03,74480,-50,74230,74540,74230
2022-08-02,74530,680,74420,74860,74420
2022-08-01,73850,100,73750,74110,73750
2022-07-29,73750,880,73010,73750,73010
2022-07-28,72870,220,72800,73080,72680
2022-07-27,72650,50,72580,72660,72500
2022-07-26,72600,-110,72650,72750,72430
2022-07-25,72710,320,72690,72730,72440
2022-07-22,72390,1060,72250,72480,72240
2022-07-21,71330,-870,71790,71830,71300
2022-07-20,72200,-160,72070,72330,71830
2022-07-19,72360,-460,72700,72700,72280
2022-07-18,72820,-80,72880,72930,72610
2022-07-15,72900,40,72610,73010,72570
2022-07-14,72860,200,72800,73000,72790
2022-07-13,72660,-450,72790,72790,72580
2022-07-12,73110,90,73000,73390,72860
2022-07-11,73020,-60,72890,73050,72690
2022-07-08,73080,-100,73210,73210,72880
2022-07-07,73180,-1310,74450,74450,73040
2022-07-06,74490,-1220,74920,74920,74320
2022-07-05,75710,10,75540,75740,75280
2022-07-04,75700,460,75450,75840,75450
2022-07-01,75240,-720,75060,75330,74970
2022-06-30,75960,30,75850,76240,75830
2022-06-29,75930,250,75680,75930,75560
2022-06-28,75680,-520,75600,75690,75440
2022-06-27,76200,-70,76310,76310,75700
2022-06-24,76270,-410,76480,76480,76100
2022-06-23,76680,440,76480,76700,76470
2022-06-22,76240,-140,76220,76240,76100
2022-06-21,76380,-100,76480,76480,76300
2022-06-20,76480,100,76350,76500,76170
2022-06-17,76380,500,76450,76780,76100
2022-06-16,75880,280,75650,75880,75550
2022-06-15,75600,-140,75320,75680,75150
2022-06-14,75740,-1180,75990,75990,75580
2022-06-13,76920,1610,76980,77330,76690
2022-06-10,75310,340,75100,75320,75100
2022-06-09,74970,110,74990,75160,74900
2022-06-08,74860,260,74950,74980,74750
2022-06-07,74600,-150,74360,74740,74260
2022-06-03,74750,240,75020,75050,74550
2022-06-02,74510,410,74110,74590,74110
2022-05-31,74100,-410,74440,74440,73860
2022-05-30,74510,-590,74720,74830,74440
2022-05-27,75100,-280,75500,75500,74930
2022-05-26,75380,-350,75690,75690,75340
2022-05-25,75730,280,75700,75920,75700
2022-05-24,75450,-80,75530,75560,75410
2022-05-23,75530,210,75400,75770,75330
2022-05-20,75320,790,75030,75350,75030
2022-05-19,74530,510,74370,74590,74370
2022-05-18,74020,-1080,74610,74610,74000
2022-05-17,75100,270,75230,75400,75040
2022-05-16,74830,-680,75050,75050,74490
2022-05-13,75510,-1160,75900,75900,75450
2022-05-12,76670,960,76250,76810,76250
2022-05-11,75710,-750,75790,75790,75410
2022-05-10,76460,-240,76610,76610,76150
2022-05-09,76700,-90,76790,77090,76660
2022-05-06,76790,850,76630,76950,76630
2022-05-04,75940,0,76000,76020,75550
2022-05-03,75940,-760,76090,76150,75800
2022-05-02,76700,-420,77120,77170,76650
2022-04-29,77120,340,77150,77500,77100
2022-04-28,76780,-370,76820,76920,76550
2022-04-27,77150,600,76950,77270,76900
2022-04-26,76550,-240,76350,76590,76180
2022-04-25,76790,-860,77000,77090,76760
2022-04-22,77650,160,77600,77750,77510
2022-04-21,77490,660,77190,77550,77190
2022-04-20,76830,-1420,77400,77670,76780
2022-04-19,78250,-90,78160,78340,78090
2022-04-18,78340,700,78160,78450,78160
2022-04-15,77640,290,77560,77790,77560
2022-04-14,77350,-90,77450,77610,77290
2022-04-13,77440,40,77510,77600,77340
2022-04-12,77400,790,76780,77400,76780
2022-04-11,76610,730,76660,76770,76490
2022-04-08,75880,490,75820,75950,75810
2022-04-07,75390,130,75350,75520,75200
2022-04-06,75260,50,75210,75500,75180
2022-04-05,75210,60,75170,75420,75050
2022-04-04,75150,-450,75600,75600,74940
2022-04-01,75600,610,75000,75660,75000
2022-03-31,74990,70,75010,75300,74770
2022-03-30,74920,-350,74480,74930,74480
2022-03-29,75270,-650,75350,75410,75120
2022-03-28,75920,-230,76500,76560,75800
2022-03-25,76150,500,76180,76330,76130
2022-03-24,75650,950,75490,76090,75490
2022-03-23,74700,-700,75300,75300,74630
2022-03-22,75400,320,75330,75720,75260
2022-03-21,75080,80,74650,75180,74490
2022-03-18,75000,-170,75370,75580,75000
2022-03-17,75170,-620,75700,75730,75100
2022-03-16,75790,-950,76010,76300,75780
2022-03-15,76740,-1270,77500,77500,76460
2022-03-14,78010,230,77750,78040,77610
2022-03-11,77780,650,77260,78150,77260
2022-03-10,77130,-1230,77350,77400,76610
2022-03-08,78360,1400,77670,78370,77490
2022-03-07,76960,2030,76470,77340,76470
2022-03-04,74930,850,74420,75350,74420
2022-03-03,74080,-290,74010,74100,73880
2022-03-02,74370,870,74520,74630,74130
2022-02-28,73500,140,73300,73750,73270
2022-02-25,73360,-1000,73700,73700,73060
2022-02-24,74360,1810,73000,74690,73000
2022-02-23,72550,-440,73010,73010,72500
2022-02-22,72990,600,72980,73230,72930
2022-02-21,72390,-40,72510,73240,72340
2022-02-18,72430,360,72500,73100,72340
2022-02-17,72070,860,71330,72070,71330
2022-02-16,71210,-1060,71300,71330,71030
2022-02-15,72270,880,72000,72290,71930
2022-02-14,71390,1030,71650,71680,71200
2022-02-11,70360,-130,70410,70500,70310
2022-02-10,70490,60,70430,70670,70430
2022-02-09,70430,190,70240,70460,70240
2022-02-08,70240,230,70130,70420,70130
2022-02-07,70010,290,69750,70040,69750
2022-02-04,69720,-380,70080,70080,69720
2022-02-03,70100,240,70190,70190,69890
2022-01-28,69860,-350,69790,69970,69470
2022-01-27,70210,-810,70480,70480,70190
2022-01-26,71020,210,71030,71090,70910
2022-01-25,70810,190,70740,70910,70710
2022-01-24,70620,130,70480,70620,70310
2022-01-21,70490,140,70400,70560,70360
2022-01-20,70350,830,70050,70430,70050
2022-01-19,69520,-80,69620,69660,69490
2022-01-18,69600,-200,69800,69840,69600
2022-01-17,69800,60,69410,69860,69410
2022-01-14,69740,-120,69800,69830,69630
2022-01-13,69860,60,69800,69920,69760
2022-01-12,69800,180,69900,69990,69700
2022-01-11,69620,320,69460,69620,69400
2022-01-10,69300,-90,69390,69540,69300
2022-01-07,69390,-330,69410,69510,69350
2022-01-06,69720,-360,69900,69990,69690
2022-01-05,70080,560,69850,70180,69850
2022-01-04,69520,-570,69390,69630,69390
2022-01-03,70090,1140,69010,70150,69010
2021-12-30,68950,-180,69130,69130,68880
2021-12-29,69130,-270,69350,69350,69110
2021-12-28,69400,250,69100,69420,69100
2021-12-27,69150,-150,69250,69320,69120
2021-12-24,69300,180,69140,69300,69100
2021-12-23,69120,300,69200,69220,69050
2021-12-22,68820,-90,68890,68890,68750
2021-12-21,68910,-300,69040,69040,68790
2021-12-20,69210,350,68860,69240,68860
2021-12-17,68860,460,68690,69080,68690
2021-12-16,68400,290,68400,68420,68130
2021-12-15,68110,-270,68360,68360,68080
2021-12-14,68380,-80,68700,68700,68260
2021-12-13,68460,250,68220,68610,68220
2021-12-10,68210,-70,68200,68350,68100
2021-12-09,68280,-80,68250,68290,68100
2021-12-08,68360,150,68340,68360,68140
2021-12-07,68210,-180,68360,68360,68100
2021-12-06,68390,220,68260,68800,68260
2021-12-03,68170,150,68000,68180,67700
2021-12-02,68020,-180,68190,68190,67920
2021-12-01,68200,-640,68730,68730,67870
2021-11-30,68840,-250,68700,68970,68410
2021-11-29,69090,-130,69500,70000,68840
2021-11-26,69220,400,68820,69220,68750
2021-11-25,68820,220,68600,68870,68550
2021-11-24,68600,-600,68780,68860,68580
2021-11-23,69200,-1140,69380,69390,69040
2021-11-22,70340,-480,70600,70670,70340
2021-11-19,70820,120,70690,70830,70510
2021-11-18,70700,190,70700,70980,70670
2021-11-17,70510,-60,70520,70630,70330
2021-11-16,70570,280,70400,70750,70400
2021-11-15,70290,-100,70540,70800,70290
2021-11-12,70390,20,70800,70890,70150
2021-11-11,70370,970,69700,70510,69700
2021-11-10,69400,260,69320,69500,69320
2021-11-09,69140,10,69320,69460,69000
2021-11-08,69130,750,68500,69340,68500
2021-11-05,68380,760,67650,68440,67650
2021-11-04,67620,-220,67620,67670,67460
2021-11-03,67840,-110,67930,67960,67660
2021-11-02,67950,250,67920,67950,67790
2021-11-01,67700,-20,67460,67770,67420
2021-10-29,67720,-290,67890,67890,67620
2021-10-28,68010,450,67790,68100,67790
2021-10-27,67560,-290,67850,67850,67340
2021-10-26,67850,100,68010,68120,67720
2021-10-25,67750,-50,68030,68170,67680
2021-10-22,67800,110,67730,67900,67680
2021-10-21,67690,490,67210,67710,67210
2021-10-20,67200,-260,67170,67300,67030
2021-10-19,67460,-40,67500,67580,67300
2021-10-18,67500,-540,68030,68030,67460
2021-10-15,68040,-230,68280,68310,68010
2021-10-14,68270,530,68400,68540,68210
2021-10-13,67740,-210,68000,68000,67610
2021-10-12,67950,300,67620,68000,67490
2021-10-08,67650,150,67490,67650,67240
2021-10-07,67500,260,67590,67660,67320
2021-10-06,67240,60,67200,67330,67180
2021-10-05,67180,250,67000,67500,67000
2021-10-01,66930,760,66800,67100,66680
2021-09-30,66170,-210,66300,66320,66120
2021-09-29,66380,-250,66600,66600,66380
2021-09-28,66630,-110,66770,66900,66600
2021-09-27,66740,150,66600,66810,66560
2021-09-24,66590,-310,66270,66620,66090
2021-09-23,66900,100,67150,67350,66900
2021-09-17,66800,-590,66400,66840,66400
2021-09-16,67390,-390,67440,67560,67290
2021-09-15,67780,310,67700,67900,67700
2021-09-14,67470,-110,67690,67710,67470
2021-09-13,67580,-10,67350,67600,67250
2021-09-10,67590,310,67290,67640,67290
2021-09-09,67280,-40,67150,67320,67150
2021-09-08,67320,-220,67190,67390,67080
2021-09-07,67540,-160,67690,67800,67500
2021-09-06,67700,390,67320,67820,67320
2021-09-03,67310,-190,67450,67450,67180
2021-09-02,67500,120,67390,67570,67290
2021-09-01,67380,-30,67410,67650,67230
2021-08-31,67410,-160,67700,67750,67310
2021-08-30,67570,100,67630,67850,67490
2021-08-27,67470,400,67330,67510,67300
2021-08-26,67070,-200,67220,67220,66960
2021-08-25,67270,-210,67500,67500,67150
2021-08-24,67480,240,67670,67790,67350
2021-08-23,67240,-400,67520,67520,67010
2021-08-20,67640,490,67200,67700,67020
2021-08-19,67150,-140,67290,67400,67130
2021-08-18,67290,-510,67800,67800,67120
2021-08-17,67800,1580,66920,67810,66910
2021-08-13,66220,460,65760,66220,65760
2021-08-12,65760,500,65330,65800,65330
2021-08-11,65260,380,64880,65350,64610
2021-08-10,64880,170,64540,64950,64490
2021-08-09,64710,-1600,64770,64770,63370
2021-08-06,66310,-310,66610,66610,66240
2021-08-05,66620,-250,66620,66950,66500
2021-08-04,66870,-140,67290,67290,66820
2021-08-03,67010,-60,67070,67300,67010
2021-08-02,67070,-470,67110,67420,67050
2021-07-30,67540,600,67390,67620,67270
2021-07-29,66940,-180,67130,67230,66940
2021-07-28,67120,490,66810,67190,66810
2021-07-27,66630,-570,67000,67000,66580
2021-07-26,67200,260,66990,67250,66800
2021-07-23,66940,220,66730,67170,66730
2021-07-22,66720,-590,67240,67240,66660
2021-07-21,67310,-20,67290,67310,66920
2021-07-20,67330,440,67190,67450,67190
2021-07-19,66890,-140,66980,67050,66830
2021-07-16,67030,-350,67480,67480,67020
2021-07-15,67380,170,67360,67610,67220
2021-07-14,67210,440,66930,67280,66930
2021-07-13,66770,80,66700,66840,66700
2021-07-12,66690,0,66850,66960,66680
2021-07-09,66690,240,66690,66890,66640
2021-07-08,66450,240,66390,66570,66330
2021-07-07,66210,260,65950,66210,65900
2021-07-06,65950,700,65300,65950,65300
2021-07-05,65250,50,65220,65400,65210
2021-07-02,65200,180,65110,65250,65110
2021-07-01,65020,900,64320,65050,64320
2021-06-30,64120,-680,64800,64800,64050
2021-06-29,64800,-230,65010,65020,64770
2021-06-28,65030,240,64860,65300,64690
2021-06-25,64790,-310,65100,65100,64730
2021-06-24,65100,-250,65390,65430,65050
2021-06-23,65350,180,65170,65500,65060
2021-06-22,65170,150,65160,65450,65050
2021-06-21,65020,-160,64980,65160,64750
2021-06-18,65180,-920,65000,65220,64800
2021-06-17,66100,-800,66400,66400,66000
2021-06-16,66900,-230,67200,67200,66800
2021-06-15,67130,70,67070,67310,67000
2021-06-14,67060,-910,67670,67670,66950
2021-06-11,67970,170,68100,68260,67920
2021-06-10,67800,-190,67990,68130,67710
2021-06-09,67990,-110,68120,68210,67940
2021-06-08,68100,590,67860,68100,67860
2021-06-07,67510,170,67590,67700,67500
2021-06-04,67340,-850,67590,67590,67020
2021-06-03,68190,150,68050,68320,68050
2021-06-02,68040,-230,68130,68130,67840
2021-06-01,68270,-20,68310,68350,68090
2021-05-31,68290,270,68120,68550,68120
2021-05-28,68020,-400,68420,68500,67980
2021-05-27,68420,-120,68500,68500,68290
2021-05-26,68540,530,68640,68800,68440
2021-05-25,68010,-510,68400,68400,67800
2021-05-24,68520,330,68910,68950,68490
2021-05-21,68190,-360,68500,68500,68000
2021-05-20,68550,350,68450,68630,68330
2021-05-18,68200,380,68500,68780,68110
2021-05-17,67820,1280,66810,67850,66810
2021-05-14,66540,240,66340,66540,66340
2021-05-13,66300,-40,66480,66480,66230
2021-05-12,66340,60,66280,66520,66180
2021-05-11,66280,230,66050,66350,66040
2021-05-10,66050,320,66200,66240,65750
2021-05-07,65730,710,65460,65890,65460
2021-05-06,65020,460,64650,65020,64650
2021-05-04,64560,260,64650,64860,64470
2021-05-03,64300,750,63740,64320,63710
2021-04-30,63550,-130,63680,63680,63280
2021-04-29,63680,100,63820,63990,63670
2021-04-28,63580,-270,63870,63890,63440
2021-04-27,63850,-140,63990,64060,63800
2021-04-26,63990,-490,64220,64340,63990
2021-04-23,64480,-160,64620,64700,64440
2021-04-22,64640,160,64590,64830,64590
2021-04-21,64480,730,64200,64480,64180
2021-04-20,63750,-420,64190,64200,63690
2021-04-19,64170,570,63920,64390,63920
2021-04-16,63600,610,63410,63850,63410
2021-04-15,62990,-60,63000,63040,62790
2021-04-14,63050,100,63320,63450,63000
2021-04-13,62950,-380,63310,63310,62930
2021-04-12,63330,-70,63400,63400,63230
2021-04-09,63400,400,63270,63460,63270
2021-04-08,63000,70,62930,63140,62870
2021-04-07,62930,-170,63260,63260,62870
2021-04-06,63100,120,62990,63140,62880
2021-04-05,62980,-250,63230,63460,62950
2021-04-02,63230,220,63100,63430,63080
2021-04-01,63010,480,62850,63120,62840
2021-03-31,62530,-210,62300,62530,61950
2021-03-30,62740,-460,63160,63160,62740
2021-03-29,63200,-30,63240,63380,63200
2021-03-26,63230,-320,63550,63550,63100
2021-03-25,63550,130,63580,63700,63500
2021-03-24,63420,-20,63430,63560,63260
2021-03-23,63440,160,63350,63800,63240
2021-03-22,63280,-320,63550,63800,63240
2021-03-19,63600,-20,63570,63600,63320
2021-03-18,63620,100,63800,63800,63550
2021-03-17,63520,40,63470,63640,63380
2021-03-16,63480,0,63600,63850,63420
2021-03-15,63480,330,63200,63800,63200
2021-03-12,63150,-480,63600,63600,63080
2021-03-11,63630,70,64000,64060,63630
2021-03-10,63560,840,63120,63560,63120
2021-03-09,62720,20,62400,62810,62280
2021-03-08,62700,400,62450,63020,62450
2021-03-05,62300,-660,62900,62900,62200
2021-03-04,62960,-380,63280,63280,62850
2021-03-03,63340,290,63500,63790,63290
2021-03-02,63050,-1110,62500,63050,62290
2021-02-26,64160,-320,64270,64470,63960
2021-02-25,64480,-540,65000,65000,64430
2021-02-24,65020,-120,65160,65160,64890
2021-02-23,65140,780,65360,65400,65080
2021-02-22,64360,820,64000,64370,63810
2021-02-19,63540,-360,63800,63800,63250
2021-02-18,63900,-310,64100,64100,63500
2021-02-17,64210,-630,64600,64600,64010
2021-02-16,64840,-210,65050,65050,64810
2021-02-15,65050,-790,65810,65810,64990
2021-02-10,65840,-340,66180,66180,65820
2021-02-09,66180,590,65800,66280,65800
2021-02-08,65590,190,65990,65990,65490
2021-02-05,65400,-520,65500,65640,65100
2021-02-04,65920,-360,66280,66280,65870
2021-02-03,66280,-700,66500,66500,66120
2021-02-02,66980,-150,67210,67250,66730
2021-02-01,67130,510,66640,67200,66640
2021-01-29,66620,480,66140,66700,66140
2021-01-28,66140,190,65950,66240,65890
2021-01-27,65950,-270,66120,66120,65860
2021-01-26,66220,230,65990,66220,65970
2021-01-25,65990,-410,66390,66400,65940
2021-01-22,66400,-260,66680,66790,66350
2021-01-21,66660,660,66520,66710,66500
2021-01-20,66000,330,65810,66000,65720
2021-01-19,65670,-130,66300,66300,65500
2021-01-18,65800,-540,66240,66240,65580
2021-01-15,66340,-140,66500,66710,66300
2021-01-14,66480,-120,66800,66800,66310
2021-01-13,66600,-720,67320,67430,66500
2021-01-12,67320,330,67460,67460,67180
2021-01-11,66990,-1330,66880,67020,66400
2021-01-08,68320,-180,68400,68800,68280
2021-01-07,68500,-730,68700,68800,68400
2021-01-06,69230,640,69130,69480,69030
2021-01-05,68590,1010,68800,68850,68460
2021-01-04,67580,1210,67200,67580,67200
2020-12-30,66370,-170,66540,66720,66260
2020-12-29,66540,-660,66990,66990,66450
2020-12-28,67200,100,67500,67790,67180
2020-12-24,67100,100,67650,67700,67100
2020-12-23,67000,-430,67600,67600,66940
2020-12-22,67430,-970,68380,68380,67430
2020-12-21,68400,1140,67500,69000,67500
2020-12-18,67260,1120,66360,67320,66360
2020-12-17,66140,450,65980,66210,65940
2020-12-16,65690,700,65230,65690,65170
2020-12-15,64990,160,64700,65070,64550
2020-12-14,64830,120,65000,65390,64690
2020-12-11,64710,100,64610,64860,64500
2020-12-10,64610,-470,64420,64720,64300
2020-12-09,65080,-300,65670,65670,64780
2020-12-08,65380,990,65020,65450,65020
2020-12-07,64390,70,64320,64440,64100
2020-12-04,64320,-520,64940,65030,64260
2020-12-03,64840,500,64720,65020,64700
2020-12-02,64340,580,64780,64780,64260
2020-12-01,63760,790,63170,63780,63170
2020-11-30,62970,-1490,64090,64090,62940
2020-11-27,64460,-70,64530,64690,64360
2020-11-26,64530,130,64700,64700,64490
2020-11-25,64400,-1030,64600,64650,64180
2020-11-24,65430,-1660,66480,66480,65240
2020-11-23,67090,-110,67210,67390,67060
2020-11-20,67200,200,66990,67200,66920
2020-11-19,67000,10,66830,67160,66830
2020-11-18,66990,-300,67290,67360,66980
2020-11-17,67290,-410,67650,67650,67260
2020-11-16,67700,0,67120,67890,67120
2020-11-13,67700,380,67490,67760,67480
2020-11-12,67320,-250,67120,67500,67090
2020-11-11,67570,-420,67980,67980,67450
2020-11-10,67990,-2480,67460,68000,67460
2020-11-09,70470,240,70500,70800,70400
2020-11-06,70230,680,70780,70780,70200
2020-11-05,69550,-80,69620,69670,69300
2020-11-04,69630,390,69800,69870,69350
2020-11-03,69240,290,69210,69380,69210
2020-11-02,68950,530,68470,69000,68470
2020-10-30,68420,-390,68650,68650,68150
2020-10-29,68810,-800,69020,69020,68710
2020-10-28,69610,220,69400,69640,69320
2020-10-27,69390,290,69230,69580,69230
2020-10-26,69100,-600,69500,69500,69070
2020-10-23,69700,-380,69950,69950,69690
2020-10-22,70080,40,70230,70300,69980
2020-10-21,70040,70,70030,70300,70000
2020-10-20,69970,-600,70220,70220,69870
2020-10-19,70570,-10,70440,70570,70000
2020-10-16,70580,450,70250,70600,70250
2020-10-15,70130,-170,70440,70440,70100
2020-10-14,70300,-760,70590,70590,69890
2020-10-13,71060,-330,71400,71400,70900
2020-10-12,71390,1040,71420,71470,71250
2020-10-08,70350,-230,70580,70580,70330
2020-10-07,70580,-980,70880,70880,70480
2020-10-06,71560,510,71110,71560,71110
2020-10-05,71050,270,71700,71700,71000
2020-09-29,70780,430,70810,71180,70700
2020-09-28,70350,-190,71000,71000,70130
2020-09-25,70540,740,70200,70550,70200
2020-09-24,69800,-500,69400,70120,69400
2020-09-23,70300,-1340,71580,71580,70300
2020-09-22,71640,-1120,72020,72020,71530
2020-09-21,72760,-340,73020,73170,72760
2020-09-18,73100,-510,73520,73520,73020
2020-09-17,73610,-600,74250,74250,73540
2020-09-16,74210,-420,74500,74500,74160
2020-09-15,74630,480,74400,74670,74280
2020-09-14,74150,-70,74230,74330,74100
2020-09-11,74220,30,74250,74560,74100
2020-09-10,74190,450,74280,74350,74150
2020-09-09,73740,-200,74030,74100,73740
2020-09-08,73940,-80,74020,74020,73750
2020-09-07,74020,-150,74370,74450,73900
2020-09-04,74170,120,74000,74490,73860
2020-09-03,74050,-880,74450,74880,74020
2020-09-02,74930,-690,75610,75610,74920
2020-09-01,75620,620,75250,75750,74950
2020-08-31,75000,1000,75180,75180,74830
2020-08-28,74000,30,73680,74080,73260
2020-08-27,73970,630,74800,74800,73950
2020-08-26,73340,-430,73770,73770,73240
2020-08-25,73770,-260,73800,73960,73600
2020-08-24,74030,-450,74480,74590,73950
2020-08-21,74480,-210,74890,74900,74480
2020-08-20,74690,-1410,74140,74860,73790
2020-08-19,76100,-400,76850,76980,75910
2020-08-18,76500,1560,76280,76500,75980
2020-08-14,74940,740,75030,75440,74900
2020-08-13,74200,1670,73100,74850,73100
2020-08-12,72530,-4640,73080,73780,69500
2020-08-11,77170,-1220,78390,78410,77100
2020-08-10,78390,-1040,78460,78920,78200
2020-08-07,79430,60,79600,79990,79150
2020-08-06,79370,370,79700,79750,79320
2020-08-05,79000,1020,80100,80300,78850
2020-08-04,77980,-990,79050,79050,77320
2020-08-03,78970,900,79550,79550,78900
2020-07-31,78070,-480,78490,78890,75960
2020-07-30,78550,320,79870,79870,78500
2020-07-29,78230,-1870,81770,82550,76960
2020-07-28,80100,2640,80000,82970,79870
2020-07-27,77460,3520,74600,78790,74600
2020-07-24,73940,1410,73240,73940,73090
2020-07-23,72530,830,72330,72570,72190
2020-07-22,71700,1430,71200,71790,71000
2020-07-21,70270,20,70450,70450,70180
2020-07-20,70250,230,70200,70290,70180
2020-07-17,70020,-280,70260,70260,69840
2020-07-16,70300,300,70040,70450,70040
2020-07-15,70000,0,70130,70200,69980
2020-07-14,70000,100,69950,70060,69880
2020-07-13,69900,190,69710,69900,69680
2020-07-10,69710,0,69710,69890,69630
2020-07-09,69710,540,69300,69790,69300
2020-07-08,69170,400,69200,69290,69110
2020-07-07,68770,240,68700,68800,68530
2020-07-06,68530,-170,68700,68720,68450
2020-07-03,68700,180,68580,68880,68580
2020-07-02,68520,-650,68840,68840,68480
2020-07-01,69170,530,68800,69190,68800
2020-06-30,68640,140,68500,68640,68290
2020-06-29,68500,390,68680,68750,68420
2020-06-26,68110,-390,68520,68520,68060
2020-06-25,68500,100,68450,68670,68390
2020-06-24,68400,170,68700,68750,68320
2020-06-23,68230,-60,68500,68610,68200
2020-06-22,68290,910,68090,68480,68090
2020-06-19,67380,80,67300,67440,67300
2020-06-18,67300,-280,67620,67850,67300
2020-06-17,67580,410,67580,67580,67340
2020-06-16,67170,-80,67420,67430,67000
2020-06-15,67250,120,67400,67580,67250
2020-06-12,67130,440,67550,67550,67090
2020-06-11,66690,440,66700,66990,66430
2020-06-10,66250,420,66490,66720,66200
2020-06-09,65830,-150,66000,66340,65750
2020-06-08,65980,-860,65450,66060,65300
2020-06-05,66840,-160,67590,67590,66800
2020-06-04,67000,-780,67090,67160,66790
2020-06-03,67780,-980,68710,68710,67720
2020-06-02,68760,-230,68990,68990,68700
2020-06-01,68990,200,69450,69450,68970
2020-05-29,68790,-10,69260,69260,68770
2020-05-28,68800,630,68310,68800,68310
2020-05-27,68170,-1140,68560,68560,68150
2020-05-26,69310,-90,69420,69680,69270
2020-05-25,69400,210,69210,69690,69210
2020-05-22,69190,-10,69000,69280,68710
2020-05-21,69200,-140,69350,69470,69160
2020-05-20,69340,690,68870,69470,68870
2020-05-19,68650,-1190,68950,68950,68240
2020-05-18,69840,1190,69200,70000,69200
2020-05-15,68650,870,68400,68670,68260
2020-05-14,67780,400,67900,67900,67730
2020-05-13,67380,100,67730,67730,67350
2020-05-12,67280,80,67200,67390,67010
2020-05-11,67200,-220,67300,67300,67000
2020-05-08,67420,630,67500,67610,67170
2020-05-07,66790,-510,67140,67140,66750
2020-05-06,67300,-190,67450,67620,67290
2020-05-04,67490,40,67380,67500,67110
2020-04-29,67450,330,67150,67650,67150
2020-04-28,67120,-1410,68150,68150,67040
2020-04-27,68530,-330,68860,68890,68380
2020-04-24,68860,780,68700,68880,68500
2020-04-23,68080,990,67960,68230,67960
2020-04-22,67090,-120,67180,67480,67090
2020-04-21,67210,1130,66500,67550,66500
2020-04-20,66080,-420,65560,66300,65550
2020-04-17,66500,-1720,68210,68210,66370
2020-04-16,68220,480,67740,68300,67740
2020-04-14,67740,1590,66920,68240,66920
2020-04-13,66150,810,65990,66190,65800
2020-04-10,65340,890,65800,65800,65160
2020-04-09,64450,0,64010,64500,64010
2020-04-08,64450,-400,64500,64500,64200
2020-04-07,64850,1070,65000,65800,64750
2020-04-06,63780,280,63910,64300,63670
2020-04-03,63500,840,63500,63980,63400
2020-04-02,62660,-630,63500,63980,62560
2020-04-01,63290,-550,62880,63400,62100
2020-03-31,63840,-350,64190,64190,63790
2020-03-30,64190,350,64100,64350,64000
2020-03-27,63840,70,63930,64000,63500
2020-03-26,63770,-570,64330,64500,63640
2020-03-25,64340,910,65300,65450,64040
2020-03-24,63430,2470,63990,63990,63240
2020-03-23,60960,880,60100,61380,60100
2020-03-20,60080,-640,59420,60110,59420
2020-03-19,60720,240,60420,61150,59980
2020-03-18,60480,870,61000,61110,60380
2020-03-17,59610,-1140,59900,60210,59350
2020-03-16,60750,-1490,62080,62080,59880
2020-03-13,62240,-1170,61350,62600,60930
2020-03-12,63410,-400,63790,63790,63010
2020-03-11,63810,310,63260,64200,63030
2020-03-10,63500,-980,65150,65150,63460
2020-03-09,64480,470,65010,65520,63960
2020-03-06,64010,1640,63520,64100,63510
2020-03-05,62370,-20,62570,62660,62280
2020-03-04,62390,1000,63010,63300,62390
2020-03-03,61390,-130,61400,61500,60880
2020-03-02,61520,-1780,60990,62100,60900
2020-02-28,63300,-700,64000,64000,63230
2020-02-27,64000,300,63700,64070,63480
2020-02-26,63700,150,63570,63990,63390
2020-02-25,63550,-1250,65010,65010,62810
2020-02-24,64800,1940,64700,65280,64450
2020-02-21,62860,1360,62240,62970,62180
2020-02-20,61500,590,61020,61680,61020
2020-02-19,60910,560,60700,61120,60700
2020-02-18,60350,450,60020,60370,60020
2020-02-17,59900,270,59840,59940,59800
2020-02-14,59630,-50,59800,59900,59530
2020-02-13,59680,450,59290,59700,59290
2020-02-12,59230,-340,59540,59560,59210
2020-02-11,59570,-110,59970,59970,59550
2020-02-10,59680,-50,60000,60150,59670
2020-02-07,59730,530,59230,59940,59230
2020-02-06,59200,-310,59510,59510,58940
2020-02-05,59510,-310,59510,59690,58970
2020-02-04,59820,-380,60080,60290,59640
2020-02-03,60200,290,60600,60900,59990
2020-01-31,59910,80,59900,59940,59650
2020-01-30,59830,610,59540,59920,59540
2020-01-29,59220,-480,59400,59400,59000
2020-01-28,59700,1120,59530,59900,59500
2020-01-23,58580,440,58210,58630,58210
2020-01-22,58140,-480,58620,58620,58090
2020-01-21,58620,470,58290,58700,58140
2020-01-20,58150,150,58300,58300,57990
2020-01-17,58000,60,58100,58100,57800
2020-01-16,57940,140,57830,58260,57830
2020-01-15,57800,470,57700,57990,57660
2020-01-14,57330,-610,57920,57920,57050
2020-01-13,57940,10,58050,58380,57900
2020-01-10,57930,-190,57950,58120,57870
2020-01-09,58120,-1890,58470,58470,58000
2020-01-08,60010,1260,59600,60880,59600
2020-01-07,58750,-670,59100,59100,58440
2020-01-06,59420,1570,58600,59430,58600
2020-01-03,57850,990,57110,57990,57110
2020-01-02,56860,320,56720,56860,56620
2019-12-30,56540,10,56560,56710,56480
2019-12-27,56530,180,56500,56630,56500
2019-12-26,56350,350,56540,56540,56100
2019-12-24,56000,390,55720,56000,55700
2019-12-23,55610,40,55440,55670,55400
2019-12-20,55570,-40,55630,55670,55460
2019-12-19,55610,-70,55680,55720,55550
2019-12-18,55680,90,55590,55710,55510
2019-12-17,55590,-250,55670,55680,55530
2019-12-16,55840,330,55610,55890,55610
2019-12-13,55510,-890,55900,55900,55390
2019-12-12,56400,10,56510,56680,56390
2019-12-11,56390,130,56270,56420,56230
2019-12-10,56260,240,56020,56350,56020
2019-12-09,56020,-440,56000,56090,55930
2019-12-06,56460,-120,56600,56610,56390
2019-12-05,56580,-420,56840,56850,56410
2019-12-04,57000,1140,56260,57040,56260
2019-12-03,55860,280,55990,55990,55750
2019-12-02,55580,50,55700,55700,55390
2019-11-29,55530,130,55400,55540,55300
2019-11-28,55400,110,55290,55400,55280
2019-11-27,55290,150,55140,55320,55140
2019-11-26,55140,-160,55060,55190,54870
2019-11-25,55300,-350,55450,55480,55270
2019-11-22,55650,-230,55800,55800,55540
2019-11-21,55880,330,55570,55940,55570
2019-11-20,55550,160,55500,55580,55470
2019-11-19,55390,430,55260,55500,55260
2019-11-18,54960,-90,55290,55290,54890
2019-11-15,55050,-280,55400,55450,55020
2019-11-14,55330,320,55200,55340,55100
2019-11-13,55010,640,54750,55010,54700
2019-11-12,54370,-460,54750,54750,54370
2019-11-11,54830,20,54770,54830,54510
2019-11-08,54810,-900,54950,54950,54590
2019-11-07,55710,310,55800,55970,55680
2019-11-06,55400,-850,55760,55760,55350
2019-11-05,56250,-330,56500,56500,56250
2019-11-04,56580,-180,56760,56760,56550
2019-11-01,56760,510,56960,57000,56690
2019-10-31,56250,150,56100,56270,56030
2019-10-30,56100,100,55990,56160,55930
2019-10-29,56000,-810,56500,56500,56000
2019-10-28,56810,-90,56890,56890,56690
2019-10-25,56900,550,56740,57000,56740
2019-10-24,56350,100,56270,56450,56220
2019-10-23,56250,190,56200,56420,56200
2019-10-22,56060,-430,56270,56270,55990
2019-10-21,56490,-280,56770,56840,56390
2019-10-18,56770,-250,57000,57000,56730
2019-10-17,57020,250,57100,57140,56940
2019-10-16,56770,-230,56700,56940,56690
2019-10-15,57000,120,57130,57150,56960
2019-10-14,56880,-550,57050,57050,56710
2019-10-11,57430,-660,57680,57680,57350
2019-10-10,58090,600,58390,58600,58010
2019-10-08,57490,-690,58000,58000,57430
2019-10-07,58180,-170,58240,58380,58090
2019-10-04,58350,870,58350,58450,58200
2019-10-02,57480,770,57350,57700,57350
2019-10-01,56710,-960,57400,57400,56630
2019-09-30,57670,-660,58190,58190,57630
2019-09-27,58330,-50,58400,58590,58300
2019-09-26,58380,-720,58400,58480,58240
2019-09-25,59100,570,58950,59300,58950
2019-09-24,58530,250,58450,58620,58420
2019-09-23,58280,470,58500,58500,58100
2019-09-20,57810,150,57700,57890,57700
2019-09-19,57660,-40,57500,57750,57350
2019-09-18,57700,270,57650,57850,57490
2019-09-17,57430,-100,57520,57530,57380
2019-09-16,57530,180,57560,57920,57410
2019-09-11,57350,-20,57250,57460,57090
2019-09-10,57370,-820,57990,57990,57050
2019-09-09,58190,-630,58750,58750,57990
2019-09-06,58820,-1050,58950,58980,58740
2019-09-05,59870,-110,60270,60270,59660
2019-09-04,59980,40,60610,60740,59980
2019-09-03,59940,270,59800,59950,59790
2019-09-02,59670,-160,59980,60000,59580
2019-08-30,59830,-710,59750,59840,59420
2019-08-29,60540,280,60270,60580,60270
2019-08-28,60260,290,60500,60560,60100
2019-08-27,59970,-710,60090,60090,59800
2019-08-26,60680,1850,61890,61900,60480
2019-08-23,58830,-430,59420,59500,58790
2019-08-22,59260,110,59490,61120,59250
2019-08-21,59150,490,59300,59500,59080
2019-08-20,58660,-1320,59800,59800,58400
2019-08-19,59980,-1050,61030,61030,59910
2019-08-16,61030,150,61530,62580,60850
2019-08-14,60880,-420,59980,61040,59680
2019-08-13,61300,1600,60160,61450,60160
2019-08-12,59700,150,59500,59700,59400
2019-08-09,59550,320,59100,59630,59100
2019-08-08,59230,100,59760,59850,59230
2019-08-07,59130,1010,59000,59310,58850
2019-08-06,58120,910,58400,59990,58000
2019-08-05,57210,1800,55820,57240,55820
2019-08-02,55410,1280,55220,55450,55050
2019-08-01,54130,-520,54500,54500,54100
2019-07-31,54650,320,54500,54650,54500
2019-07-30,54330,110,54380,54450,54290
2019-07-29,54220,170,54280,54360,54150
2019-07-26,54050,-80,54080,54190,54000
2019-07-25,54130,110,54140,54220,54120
2019-07-24,54020,100,53920,54120,53860
2019-07-23,53920,-330,54220,54220,53850
2019-07-22,54250,-330,54240,54310,54140
2019-07-19,54580,580,54600,54690,54510
2019-07-18,54000,470,54110,54350,53900
2019-07-17,53530,-110,53580,53620,53460
2019-07-16,53640,-50,53750,53820,53600
2019-07-15,53690,250,53650,53800,53600
2019-07-12,53440,-260,53690,53690,53220
2019-07-11,53700,700,53690,54000,53650
2019-07-10,53000,-20,53050,53200,52990
2019-07-09,53020,-350,53280,53280,52890
2019-07-08,53370,30,53070,53370,52860
2019-07-05,53340,60,53400,53560,53340
2019-07-04,53280,-350,53620,53630,53270
2019-07-03,53630,1310,53450,54000,53450
2019-07-02,52320,620,51770,52330,51750
2019-07-01,51700,-1070,51900,51910,51600
2019-06-28,52770,310,52520,53010,52520
2019-06-27,52460,-130,52490,52610,52270
2019-06-26,52590,-430,53090,53100,52440
2019-06-25,53020,680,53000,53530,52890
2019-06-24,52340,150,52270,52590,52270
2019-06-21,52190,350,51950,52590,51920
2019-06-20,51840,880,50960,52010,50960
2019-06-19,50960,-490,51220,51220,50950
2019-06-18,51450,130,51300,51450,51200
2019-06-17,51320,-50,51330,51400,51200
2019-06-14,51370,480,51000,51370,51000
2019-06-13,50890,0,50900,51140,50890
2019-06-12,50890,360,50540,50890,50490
2019-06-11,50530,-110,50660,50740,50500
2019-06-10,50640,-160,50800,50900,50630
2019-06-07,50800,370,50360,50810,50360
2019-06-05,50430,-30,50460,50460,50320
2019-06-04,50460,410,50160,50520,50160
2019-06-03,50050,520,50010,50170,49980
2019-05-31,49530,440,49150,49640,49150
2019-05-30,49090,-150,49240,49240,49000
2019-05-29,49240,40,49190,49260,49090
2019-05-28,49200,70,49120,49210,49110
2019-05-27,49130,-140,49270,49280,49130
2019-05-24,49270,330,49060,49310,49060
2019-05-23,48940,-150,49130,49130,48880
2019-05-22,49090,-90,49110,49140,49070
2019-05-21,49180,100,49110,49270,49090
2019-05-20,49080,-580,49600,49600,49010
2019-05-17,49660,-40,49650,49660,49310
2019-05-16,49700,70,49790,49790,49600
2019-05-15,49630,50,49580,49820,49580
2019-05-14,49580,600,49520,49850,49450
2019-05-13,48980,170,48840,49070,48840
2019-05-10,48810,230,48610,48830,48610
2019-05-09,48580,30,48460,48580,48390
2019-05-08,48550,250,48430,48550,48430
2019-05-07,48300,280,48030,48480,48030
2019-05-03,48020,0,47990,48070,47980
2019-05-02,48020,-280,48280,48280,47850
2019-04-30,48300,120,48150,48340,48050
2019-04-29,48180,130,48060,48180,48010
2019-04-26,48050,150,47900,48050,47860
2019-04-25,47900,770,47390,47900,47390
2019-04-24,47130,180,47000,47150,46950
2019-04-23,46950,-200,47160,47200,46950
2019-04-22,47150,230,46880,47230,46880
2019-04-19,46920,180,46990,46990,46670
2019-04-18,46740,-110,46790,46790,46690
2019-04-17,46850,-320,46900,46940,46810
2019-04-16,47170,20,47100,47240,47100
2019-04-15,47150,-460,47400,47400,47120
2019-04-12,47610,-360,47650,47660,47530
2019-04-11,47970,60,48000,48000,47930
2019-04-10,47910,30,47890,48040,47890
2019-04-09,47880,170,47770,47920,47770
2019-04-08,47710,500,47380,47790,47350
2019-04-05,47210,-160,47350,47370,47210
2019-04-04,47370,-10,47380,47380,47250
2019-04-03,47380,130,47440,47440,47250
2019-04-02,47250,0,47200,47250,47060
2019-04-01,47250,-90,47480,47480,47220
2019-03-29,47340,-630,47930,47930,47250
2019-03-28,47970,-130,48030,48090,47970
2019-03-27,48100,20,48050,48180,48050
2019-03-26,48080,80,48210,48300,48030
2019-03-25,48000,300,47830,48130,47830
2019-03-22,47700,-150,47750,47750,47550
2019-03-21,47850,210,47700,47860,47700
2019-03-20,47640,10,47630,47690,47570
2019-03-19,47630,210,47420,47690,47420
2019-03-18,47420,-250,47740,47740,47220
2019-03-15,47670,40,47600,47670,47320
2019-03-14,47630,50,47640,47710,47630
2019-03-13,47580,400,47380,47690,47350
2019-03-12,47180,-280,47300,47300,47080
2019-03-11,47460,250,47330,47480,47330
2019-03-08,47210,390,46810,47210,46810
2019-03-07,46820,-70,46880,46890,46770
2019-03-06,46890,70,46820,46950,46700
2019-03-05,46820,-120,46810,46820,46640
2019-03-04,46940,-670,47600,47600,46920
2019-02-28,47610,-220,47820,47820,47530
2019-02-27,47830,-90,47910,47920,47770
2019-02-26,47920,-120,47950,47950,47730
2019-02-25,48040,40,48000,48080,47950
2019-02-22,48000,-330,48330,48330,47900
2019-02-21,48330,-150,48460,48510,48300
2019-02-20,48480,480,48320,48550,48320
2019-02-19,48000,140,47940,48120,47940
2019-02-18,47860,280,47690,47920,47690
2019-02-15,47580,200,47380,47630,47380
2019-02-14,47380,30,47190,47380,47050
2019-02-13,47350,-40,47390,47390,47230
2019-02-12,47390,-40,47460,47460,47220
2019-02-11,47430,120,47350,47500,47350
2019-02-08,47310,170,47300,47420,47300
2019-02-07,47140,-190,47280,47280,46270
2019-02-01,47330,250,47090,47350,47090
2019-01-31,47080,-10,47100,47170,47000
2019-01-30,47090,240,46850,47160,46850
2019-01-29,46850,80,46900,46940,46800
2019-01-28,46770,330,46600,46810,46600
2019-01-25,46440,-140,46510,46590,46360
2019-01-24,46580,20,46580,46600,46480
2019-01-23,46560,0,46550,46690,46550
2019-01-22,46560,80,46410,46570,46410
2019-01-21,46480,-140,46200,46500,46200
2019-01-18,46620,0,46620,46650,46560
2019-01-17,46620,160,46460,46650,46460
2019-01-16,46460,-110,46470,46610,46250
2019-01-15,46570,-50,46630,46630,46500
2019-01-14,46620,140,46480,46630,46480
2019-01-11,46480,-110,46440,46480,46150
2019-01-10,46590,300,46440,46620,46440
2019-01-09,46290,-140,46400,46490,46290
2019-01-08,46430,-240,46560,46560,46290
2019-01-07,46670,-110,46680,46680,46200
2019-01-04,46780,50,46800,47000,46730
2019-01-03,46730,490,46290,46760,46250
2019-01-02,46240,270,45970,46280,45960
2018-12-28,45970,210,45900,46050,45900
2018-12-27,45760,-330,45800,45920,45650
2018-12-26,46090,380,45770,46090,45770
2018-12-24,45710,210,45530,45710,45530
2018-12-21,45500,200,45600,45640,45420
2018-12-20,45300,0,45340,45340,45200
2018-12-19,45300,40,45280,45360,45280
2018-12-18,45260,190,45310,45400,45250
2018-12-17,45070,-90,45380,45380,45050
2018-12-14,45160,160,45000,45180,45000
2018-12-13,45000,-180,45190,45200,45000
2018-12-12,45180,-70,45250,45250,45150
2018-12-11,45250,50,45130,45270,45130
2018-12-10,45200,590,44950,45270,44950
2018-12-07,44610,-80,44700,44700,44600
2018-12-06,44690,350,44500,44700,44470
2018-12-05,44340,180,44480,44480,44310
2018-12-04,44160,110,44060,44190,44060
2018-12-03,44050,-220,44260,44270,43990
2018-11-30,44270,-30,44260,44330,44000
2018-11-29,44300,130,44210,44330,44210
2018-11-28,44170,-410,44380,44380,44130
2018-11-27,44580,-60,44550,44610,44540
2018-11-26,44640,-140,44660,44750,44550
2018-11-23,44780,70,44740,44780,44690
2018-11-22,44710,110,44650,44710,44620
2018-11-21,44600,170,44480,44600,44480
2018-11-20,44430,0,44460,44580,44430
2018-11-19,44430,170,44260,44430,44250
2018-11-16,44260,70,44130,44330,44120
2018-11-15,44190,190,44200,44200,44110
2018-11-14,44000,10,43990,44030,43860
2018-11-13,43990,-230,44240,44240,43980
2018-11-12,44220,-160,44150,44260,44090
2018-11-09,44380,170,44220,44390,44220
2018-11-08,44210,-310,44310,44330,44190
2018-11-07,44520,-50,44530,44590,44390
2018-11-06,44570,-100,44670,44670,44510
2018-11-05,44670,-50,44700,44730,44650
2018-11-02,44720,30,44930,44930,44570
2018-11-01,44690,-100,44780,44880,44650
2018-10-31,44790,-320,44830,45020,44760
2018-10-30,45110,-230,45380,45380,45100
2018-10-29,45340,0,45340,45380,45190
2018-10-26,45340,40,45260,45420,45050
2018-10-25,45300,330,45100,45310,45090
2018-10-24,44970,70,45010,45060,44900
2018-10-23,44900,220,44660,44900,44660
2018-10-22,44680,-170,44870,44900,44650
2018-10-19,44850,200,44850,44900,44790
2018-10-18,44650,140,44510,44680,44450
2018-10-17,44510,-100,44800,44800,44330
2018-10-16,44610,-20,44790,44800,44560
2018-10-15,44630,260,44370,44640,44360
2018-10-12,44370,440,44300,44570,44300
2018-10-11,43930,380,43860,43950,43800
2018-10-10,43550,-190,43500,43550,43480
2018-10-08,43740,10,43900,43910,43700
2018-10-05,43730,90,43640,43760,43640
2018-10-04,43640,530,43350,43640,43350
2018-10-02,43110,270,42780,43110,42780
2018-10-01,42840,180,43000,43000,42600
2018-09-28,42660,-510,42990,42990,42510
2018-09-27,43170,-410,43300,43390,43000
2018-09-21,43580,-30,43620,43630,43570
2018-09-20,43610,90,43520,43610,43430
2018-09-19,43520,-10,43550,43630,43460
2018-09-18,43530,40,43690,43750,43530
2018-09-17,43490,-10,43730,43730,43300
2018-09-14,43500,-250,43510,43630,43500
2018-09-13,43750,190,43700,43760,43560
2018-09-12,43560,140,43630,43630,43450
2018-09-11,43420,-160,43570,43670,43360
2018-09-10,43580,20,43600,43600,43470
2018-09-07,43560,90,43580,43650,43520
2018-09-06,43470,300,43300,43470,43300
2018-09-05,43170,20,43210,43330,43050
2018-09-04,43150,-150,43450,43450,43150
2018-09-03,43300,-120,43350,43550,43100
2018-08-31,43420,70,43100,43440,43100
2018-08-30,43350,140,43500,43500,43100
2018-08-29,43210,-210,43400,43400,43080
2018-08-28,43420,0,43600,43600,43300
2018-08-27,43420,-10,44030,44030,43390
2018-08-24,43430,-30,43500,43700,43400
2018-08-23,43460,30,43430,43690,43430
2018-08-22,43430,90,43340,43650,43270
2018-08-21,43340,150,43250,43340,43170
2018-08-20,43190,-410,43610,43990,43100
2018-08-17,43600,50,43550,44200,43220
2018-08-16,43550,-210,43100,43550,43100
2018-08-14,43760,-540,44050,44050,43700
2018-08-13,44300,320,44260,44350,44170
2018-08-10,43980,50,44130,44130,43980
2018-08-09,43930,-70,43960,44020,43810
2018-08-08,44000,-50,44010,44030,43890
2018-08-07,44050,-80,44130,44200,44000
2018-08-06,44130,90,44040,44180,44040
2018-08-03,44040,-360,44150,44160,44010
2018-08-02,44400,180,44150,44400,44000
2018-08-01,44220,70,44150,44300,44110
2018-07-31,44150,0,44090,44190,44090
2018-07-30,44150,-50,44200,44210,44090
2018-07-27,44200,-260,44480,44480,44150
2018-07-26,44460,-160,44500,44620,44420
2018-07-25,44620,-80,44750,44750,44540
2018-07-24,44700,-170,44880,44920,44610
2018-07-23,44870,160,45100,45100,44850
2018-07-20,44710,-50,44790,44830,44650
2018-07-19,44760,10,44800,44800,44660
2018-07-18,44750,-330,45060,45060,44690
2018-07-17,45080,-130,45210,45210,44950
2018-07-16,45210,60,45150,45250,45070
2018-07-13,45150,-60,45120,45190,45120
2018-07-12,45210,-30,45200,45270,45160
2018-07-11,45240,-30,45340,45340,45150
2018-07-10,45270,70,45390,45390,45100
2018-07-09,45200,200,45270,45270,45020
2018-07-06,45000,-280,45380,45430,45000
2018-07-05,45280,30,45250,45370,45230
2018-07-04,45250,460,45140,45310,45120
2018-07-03,44790,-290,44980,44980,44780
2018-07-02,45080,70,45130,45130,45030
2018-06-29,45010,-380,45160,45180,44910
2018-06-28,45390,80,45330,45390,45300
2018-06-27,45310,-40,45300,45360,45260
2018-06-26,45350,-160,45510,45750,45350
2018-06-25,45510,120,45600,45710,45510
2018-06-22,45390,120,45300,45520,45290
2018-06-21,45270,-180,45450,45450,45250
2018-06-20,45450,-280,45720,45720,45450
2018-06-19,45730,160,45670,45840,45580
2018-06-18,45570,-230,45450,45660,45410
2018-06-15,45800,500,45600,45810,45560
2018-06-14,45300,270,45200,45300,45200
2018-06-12,45030,70,45080,45110,44920
2018-06-11,44960,130,44960,45040,44950
2018-06-08,44830,70,44810,44920,44810
2018-06-07,44760,110,44660,44760,44660
2018-06-05,44650,-50,44710,44710,44580
2018-06-04,44700,-500,45070,45070,44640
2018-06-01,45200,-140,45330,45330,45070
2018-05-31,45340,30,45300,45340,45170
2018-05-30,45310,190,45400,45440,45220
2018-05-29,45120,160,45030,45190,45030
2018-05-28,44960,-290,45150,45150,44890
2018-05-25,45250,100,45570,45570,45250
2018-05-24,45150,150,45090,45220,45090
2018-05-23,45000,-40,45040,45080,44970
2018-05-21,45040,80,44990,45250,44990
2018-05-18,44960,-40,45000,45090,44890
2018-05-17,45000,-50,45050,45050,44970
2018-05-16,45050,-400,45360,45360,45000
2018-05-15,45450,0,45600,45600,45350
2018-05-14,45450,10,45210,45650,45210
2018-05-11,45440,-60,45500,45630,45440
2018-05-10,45500,-170,45670,45790,45430
2018-05-09,45670,110,45700,45920,45560
2018-05-08,45560,0,45560,45740,45550
2018-05-04,45560,130,45550,45580,45490
2018-05-03,45430,0,45600,45600,45370
2018-05-02,45430,-40,45400,45500,45200
2018-04-30,45470,-180,45900,45900,45400
2018-04-27,45650,-400,45990,45990,45600
2018-04-26,46050,-20,46050,46150,45970
2018-04-25,46070,90,46060,46190,46050
2018-04-24,45980,0,45980,46030,45900
2018-04-23,45980,-160,46000,46000,45890
2018-04-20,46140,10,46130,46220,46090
2018-04-19,46130,-40,46310,46320,46130
2018-04-18,46170,-130,46230,46260,46010
2018-04-17,46300,-140,46400,46500,46200
2018-04-16,46440,320,46450,46500,46180
2018-04-13,46120,-330,46000,46400,45920
2018-04-12,46450,350,46350,46520,46220
2018-04-11,46100,270,46000,46100,45970
2018-04-10,45830,80,45900,46100,45800
2018-04-09,45750,110,45520,45850,45520
2018-04-06,45640,160,45550,45720,45540
2018-04-05,45480,-140,45620,45620,45390
2018-04-04,45620,-30,46500,46500,45390
2018-04-03,45650,250,45800,45800,45650
2018-04-02,45400,-400,45880,45880,45300
2018-03-30,45800,110,46000,46000,45660
2018-03-29,45690,-480,45690,45830,45570
2018-03-28,46170,-330,46500,46510,46160
2018-03-27,46500,-250,46520,46750,46490
2018-03-26,46750,250,47000,47000,46690
2018-03-23,46500,660,46290,46580,46260
2018-03-22,45840,390,45800,45910,45760
2018-03-21,45450,30,45360,45500,45320
2018-03-20,45420,60,45410,45620,45410
2018-03-19,45360,-70,45430,45450,45310
2018-03-16,45430,-160,45590,45590,45400
2018-03-15,45590,-80,45540,45650,45540
2018-03-14,45670,170,45590,45710,45580
2018-03-13,45500,30,45470,45630,45400
2018-03-12,45470,-50,45600,45600,45430
2018-03-09,45520,-280,45900,45900,45430
2018-03-08,45800,-170,45970,45970,45650
2018-03-07,45970,-30,46020,46230,45970
2018-03-06,46000,-280,46210,46210,45890
2018-03-05,46280,280,46050,46390,46050
2018-03-02,46000,0,46380,46380,45900
2018-02-28,46000,-110,46110,46300,45870
2018-02-27,46110,-200,46250,46250,46030
2018-02-26,46310,60,46230,46340,46050
2018-02-23,46250,-100,46370,46380,46220
2018-02-22,46350,180,46250,47000,46170
2018-02-21,46170,-220,46290,46300,46020
2018-02-20,46390,40,46850,46850,46270
2018-02-19,46350,-70,46420,46590,46340
2018-02-14,46420,150,46390,46460,46350
2018-02-13,46270,70,46210,46270,46070
2018-02-12,46200,-200,46320,46320,45960
2018-02-09,46400,340,46500,46600,46310
2018-02-08,46060,-480,46470,46470,46000
2018-02-07,46540,-460,46450,46540,46140
2018-02-06,47000,420,46930,47300,46930
2018-02-05,46580,-220,46800,46800,46200
2018-02-02,46800,390,46500,46800,46500
2018-02-01,46410,70,46400,46460,46300
2018-01-31,46340,140,46300,46340,46240
2018-01-30,46200,-140,46210,46340,46170
2018-01-29,46340,-80,46260,46400,46260
2018-01-26,46420,-120,46490,46490,45910
2018-01-25,46540,340,46330,46560,46330
2018-01-24,46200,150,46220,46340,46160
2018-01-23,46050,120,45990,46100,45880
2018-01-22,45930,190,45750,45970,45750
2018-01-19,45740,-100,45840,45850,45700
2018-01-18,45840,-150,45980,45980,45720
2018-01-17,45990,10,45980,46060,45950
2018-01-16,45980,-20,46100,46100,45980
2018-01-15,46000,400,45600,46020,45600
2018-01-12,45600,90,45540,45600,45460
2018-01-11,45510,300,45310,45510,45310
2018-01-10,45210,-170,45370,45370,45200
2018-01-09,45380,10,45370,45490,45330
2018-01-08,45370,130,45240,45410,45240
2018-01-05,45240,210,45250,45300,45230
2018-01-04,45030,-170,45260,45260,44980
2018-01-03,45200,180,45200,45430,45150
2018-01-02,45020,180,44920,45030,44920
2017-12-28,44840,340,44650,44850,44650
2017-12-27,44500,30,44510,44670,44470
2017-12-26,44470,220,44320,44540,44300
2017-12-22,44250,-80,44300,44330,44240
2017-12-21,44330,80,44200,44410,44200
2017-12-20,44250,-50,44300,44340,44210
2017-12-19,44300,90,44400,44400,44240
2017-12-18,44210,-10,44220,44300,44190
2017-12-15,44220,-150,44210,44340,44180
2017-12-14,44370,380,44000,44600,44000
2017-12-13,43990,-210,44430,44430,43950
2017-12-12,44200,90,44000,44400,43800
2017-12-11,44110,-30,44090,44120,44040
2017-12-08,44140,-310,44340,44340,44060
2017-12-07,44450,-280,44720,44720,44420
2017-12-06,44730,100,44610,44730,44440
2017-12-05,44630,-170,44800,44800,44610
2017-12-04,44800,20,44780,44860,44700
2017-12-01,44780,-280,45100,45100,44750
2017-11-30,45060,-160,45100,46120,44800
2017-11-29,45220,-170,45420,45500,45190
2017-11-28,45390,140,45400,45570,45340
2017-11-27,45250,10,45200,45300,45150
2017-11-24,45240,10,45210,45250,45150
2017-11-23,45230,60,45380,45380,45230
2017-11-22,45170,-140,45310,45390,45100
2017-11-21,45310,-490,45430,45430,45270
2017-11-20,45800,340,45710,45850,45300
2017-11-17,45460,0,45470,45570,45290
2017-11-16,45460,-550,45870,45870,45450
2017-11-15,46010,-130,46140,46150,46000
2017-11-14,46140,-10,46140,46180,46050
2017-11-13,46150,-120,45900,46160,45900
2017-11-10,46270,170,46500,46500,46240
2017-11-09,46100,220,45900,46130,45900
2017-11-08,45880,70,45980,45980,45830
2017-11-07,45810,90,46000,46000,45810
2017-11-06,45720,-150,45850,45850,45660
2017-11-03,45870,-80,45950,45950,45720
2017-11-02,45950,100,45850,45980,45810
2017-11-01,45850,-340,46190,46190,45700
2017-10-31,46190,80,46110,46240,46080
2017-10-30,46110,-90,46200,46280,46090
2017-10-27,46200,-230,46150,46300,46050
2017-10-26,46430,140,46500,46500,46390
2017-10-25,46290,-210,46300,46500,46250
2017-10-24,46500,10,46650,46660,46500
2017-10-23,46490,-290,46580,46610,46450
2017-10-20,46780,160,46690,46890,46690
2017-10-19,46620,-150,46710,46760,46580
2017-10-18,46770,-300,47000,47000,46750
2017-10-17,47070,-140,47210,47210,47030
2017-10-16,47210,60,47200,47320,47160
2017-10-13,47150,-60,47250,47250,47060
2017-10-12,47210,140,47070,47230,47050
2017-10-11,47070,-30,47300,47300,47050
2017-10-10,47100,-300,47410,47410,47060
2017-09-29,47400,40,47450,47540,47400
2017-09-28,47360,-100,47460,47510,47200
2017-09-27,47460,-430,47600,47600,47360
2017-09-26,47890,880,47800,47910,47670
2017-09-25,47010,-400,47410,47500,47010
2017-09-22,47410,10,47400,47750,47160
2017-09-21,47400,-300,47580,47580,47300
2017-09-20,47700,0,47700,47770,47590
2017-09-19,47700,-150,47690,47700,47510
2017-09-18,47850,-520,48060,48060,47730
2017-09-15,48370,260,48510,48680,48360
2017-09-14,48110,-160,48260,48260,48010
2017-09-13,48270,190,48210,48310,48120
2017-09-12,48080,-500,48420,48420,48050
2017-09-11,48580,-300,48480,48610,48370
2017-09-08,48880,530,48690,48950,48690
2017-09-07,48350,-300,48540,48540,48290
2017-09-06,48650,190,48680,48770,48630
2017-09-05,48460,60,48010,48550,48010
2017-09-04,48400,830,47900,48430,47900
2017-09-01,47570,360,47400,47670,47400
2017-08-31,47210,-40,47230,47250,47070
2017-08-30,47250,-170,47320,47350,47140
2017-08-29,47420,680,47300,47620,47300
2017-08-28,46740,-20,46640,46770,46640
2017-08-25,46760,10,46780,46780,46590
2017-08-24,46750,-50,46990,46990,46740
2017-08-23,46800,-200,47000,47000,46640
2017-08-22,47000,-50,47060,47140,46990
2017-08-21,47050,-70,47120,47120,46820
2017-08-18,47120,220,47100,47200,47050
2017-08-17,46900,290,46620,47000,46620
2017-08-16,46610,-430,46720,46720,46340
2017-08-14,47040,-170,47340,47340,46820
2017-08-11,47210,430,46960,47300,46960
2017-08-10,46780,630,46190,46800,46190
2017-08-09,46150,490,45660,46150,45660
2017-08-08,45660,-10,45730,45730,45600
2017-08-07,45670,-170,45600,45700,45500
2017-08-04,45840,70,45820,45900,45790
2017-08-03,45770,90,45680,45810,45680
2017-08-02,45680,30,45650,45720,45460
2017-08-01,45650,70,45610,45710,45520
2017-07-31,45580,190,45740,45800,45510
2017-07-28,45390,100,45450,45450,45200
2017-07-27,45290,150,45250,45320,45180
2017-07-26,45140,-40,45180,45180,45020
2017-07-25,45180,80,45170,45180,45110
2017-07-24,45100,20,45060,45380,45060
2017-07-21,45080,60,45030,45110,45020
2017-07-20,45020,110,44940,45050,44940
2017-07-19,44910,-50,45060,45060,44880
2017-07-18,44960,160,44940,45030,44890
2017-07-17,44800,230,45000,45000,44740
2017-07-14,44570,-270,44840,44840,44570
2017-07-13,44840,-210,44990,44990,44790
2017-07-12,45050,50,45010,45090,45000
2017-07-11,45000,230,45000,45040,44900
2017-07-10,44770,-680,45200,45200,44770
2017-07-07,45450,-200,45600,45630,45430
2017-07-06,45650,150,45840,45840,45510
2017-07-05,45500,60,45720,45720,45410
2017-07-04,45440,-180,45500,45530,45250
2017-07-03,45620,-90,45710,45710,45580
2017-06-30,45710,-150,45840,45880,45710
2017-06-29,45860,-70,45930,45930,45700
2017-06-28,45930,270,45680,45940,45670
2017-06-27,45660,-90,45580,45680,45360
2017-06-26,45750,-150,45900,45940,45700
2017-06-23,45900,-30,45940,45940,45800
2017-06-22,45930,140,46170,46170,45840
2017-06-21,45790,280,45570,45830,45570
2017-06-20,45510,-110,45600,45600,45460
2017-06-19,45620,-230,45850,45850,45420
2017-06-16,45850,210,45570,45850,45510
2017-06-15,45640,-250,45700,45790,45500
2017-06-14,45890,0,45910,45970,45850
2017-06-13,45890,30,45870,45980,45860
2017-06-12,45860,-90,45960,45960,45770
2017-06-09,45950,-370,46300,46300,45860
2017-06-08,46320,-210,46510,46510,46090
2017-06-07,46530,680,46030,46530,45850
2017-06-05,45850,300,45980,45990,45810
2017-06-02,45550,-60,45620,45620,45430
2017-06-01,45610,160,45460,45790,45460
2017-05-31,45450,-270,45730,45730,45430
2017-05-30,45720,150,45600,45800,45600
2017-05-29,45570,350,45220,45570,45220
2017-05-26,45220,-30,45400,45400,45100
2017-05-25,45250,50,45300,45300,45170
2017-05-24,45200,-300,45200,45440,45200
2017-05-23,45500,300,45310,45520,45200
2017-05-22,45200,-50,45300,45300,44980
2017-05-19,45250,-260,45520,45520,45230
2017-05-18,45510,590,44960,45650,44960
2017-05-17,44920,370,44980,44980,44800
2017-05-16,44550,-190,44740,44740,44370
2017-05-15,44740,60,44750,44750,44650
2017-05-12,44680,80,44700,44720,44500
2017-05-11,44600,-200,44870,44870,44460
2017-05-10,44800,-110,44940,45000,44700
2017-05-08,44910,-270,45180,45200,44900
2017-05-04,45180,-640,45580,45580,45180
2017-05-02,45820,-350,46130,46130,45750
2017-04-28,46170,170,46040,46190,45900
2017-04-27,46000,250,45880,46100,45850
2017-04-26,45750,-350,46020,46090,45660
2017-04-25,46100,-210,46350,46550,46100
2017-04-24,46310,-450,46760,46760,46290
2017-04-21,46760,-130,46890,46900,46660
2017-04-20,46890,-100,46900,47010,46860
2017-04-19,46990,150,47000,47110,46950
2017-04-18,46840,-30,46800,46920,46360
2017-04-17,46870,30,47030,47050,46870
2017-04-14,46840,340,46500,46960,46500
2017-04-13,46500,-340,46900,46900,46480
2017-04-12,46840,560,46500,47000,46500
2017-04-11,46280,110,46170,46300,46120
2017-04-10,46170,70,45990,46180,45940
2017-04-07,46100,380,45690,46300,45600
2017-04-06,45720,170,45560,45770,45560
2017-04-05,45550,270,45350,45550,45350
2017-04-04,45280,340,45140,45350,45140
2017-04-03,44940,-20,45100,45100,44860
2017-03-31,44960,-140,45000,45000,44880
2017-03-30,45100,120,45140,45140,44850
2017-03-29,44980,-20,45140,45140,44890
2017-03-28,45000,-230,45200,45200,44980
2017-03-27,45230,130,45100,45230,45100
2017-03-24,45100,70,45090,45100,45040
2017-03-23,45030,-60,45140,45140,44970
2017-03-22,45090,610,44950,45190,44900
2017-03-21,44480,-240,44800,44800,44300
2017-03-20,44720,-180,44850,44910,44700
2017-03-17,44900,60,44900,44900,44800
2017-03-16,44840,280,44800,44960,44650
2017-03-15,44560,-140,44700,44780,44500
2017-03-14,44700,20,44750,44750,44620
2017-03-13,44680,-100,44850,44850,44670
2017-03-10,44780,-190,45000,45000,44740
2017-03-09,44970,-80,45050,45090,44970
2017-03-08,45050,-430,45400,45410,44970
2017-03-07,45480,-370,45800,45870,45400
2017-03-06,45850,170,45850,45900,45680
2017-03-03,45680,-120,45600,45800,45540
2017-03-02,45800,130,45650,45850,45650
2017-02-28,45670,-90,45630,45750,45610
2017-02-27,45760,210,45690,45850,45690
2017-02-24,45550,150,45800,45800,45480
2017-02-23,45400,-100,45500,45500,45370
2017-02-22,45500,-100,45590,45590,45400
2017-02-21,45600,0,45600,45660,45580
2017-02-20,45600,-100,45700,45800,45600
2017-02-17,45700,300,45450,45740,45450
2017-02-16,45400,160,45290,45400,45210
2017-02-15,45240,-300,45350,45450,45190
2017-02-14,45540,-250,45600,45630,45320
2017-02-13,45790,200,45600,45820,45600
2017-02-10,45590,-230,45800,45800,45500
2017-02-09,45820,240,45560,45830,45560
2017-02-08,45580,80,45460,45610,45460
2017-02-07,45500,530,45040,45550,45040
2017-02-06,44970,-30,45020,45120,44950
2017-02-03,45000,-80,45110,45140,44910
2017-02-02,45080,-90,45200,45200,45000
2017-02-01,45170,90,45500,45500,45070
2017-01-31,45080,280,45310,45310,45050
2017-01-26,44800,-490,45280,45280,44720
2017-01-25,45290,-350,45650,45650,45250
2017-01-24,45640,-80,45730,45730,45570
2017-01-23,45720,100,45920,45920,45670
2017-01-20,45620,-70,45790,45790,45590
2017-01-19,45690,0,45790,45900,45550
2017-01-18,45690,-210,45900,46000,45650
2017-01-17,45900,0,45900,46120,45890
2017-01-16,45900,460,45450,45900,45440
2017-01-13,45440,-360,45750,45770,45400
2017-01-12,45800,-50,45950,45950,45600
2017-01-11,45850,50,45990,45990,45790
2017-01-10,45800,90,45800,45920,45700
2017-01-09,45710,270,45820,45850,45560
2017-01-06,45440,40,45600,45600,45340
2017-01-05,45400,-330,45900,45900,45300
2017-01-04,45730,170,45900,45910,45650
2017-01-03,45560,60,45550,45600,45480
2017-01-02,45500,300,45500,45680,45430
2016-12-29,45200,390,45020,45350,45020
2016-12-28,44810,250,44640,44890,44640
2016-12-27,44560,60,44600,44600,44260
2016-12-26,44500,380,44210,44750,44210
2016-12-23,44120,170,44220,44220,43970
2016-12-22,43950,-40,43920,44100,43800
2016-12-21,43990,60,43930,43990,43720
2016-12-20,43930,140,43820,44000,43780
2016-12-19,43790,320,43510,44190,43510
2016-12-16,43470,-250,43800,43800,43400
2016-12-15,43720,-230,43950,43950,43300
2016-12-14,43950,60,43900,44090,43620
2016-12-13,43890,-110,44300,44600,43800
2016-12-12,44000,-500,44500,44840,43900
2016-12-09,44500,-280,44780,45080,44490
2016-12-08,44780,30,45000,45100,44600
2016-12-07,44750,-330,44900,45290,44650
2016-12-06,45080,310,44770,45110,44390
2016-12-05,44770,40,45000,45300,44770
2016-12-02,44730,0,44650,44800,44600
2016-12-01,44730,-370,45100,45100,44640
2016-11-30,45100,-180,45250,45320,45050
2016-11-29,45280,-50,45450,45450,45150
2016-11-28,45330,180,45900,45900,45200
2016-11-25,45150,-360,45590,45590,45080
2016-11-24,45510,-690,45700,45710,45360
2016-11-23,46200,-160,46270,46330,46000
2016-11-22,46360,-130,46880,46880,46300
2016-11-21,46490,190,46300,46500,46080
2016-11-18,46300,-400,46700,46700,46150
2016-11-17,46700,80,46600,46740,46400
2016-11-16,46620,70,46550,46620,46480
2016-11-15,46550,300,46000,46580,46000
2016-11-14,46250,-1100,46490,46530,45940
2016-11-11,47350,-150,47160,47600,47110
2016-11-10,47500,-1430,47750,47750,47300
2016-11-09,48930,1940,46800,49500,46400
2016-11-08,46990,-410,47100,47300,46930
2016-11-07,47400,-400,47780,47780,47400
2016-11-04,47800,-30,47830,48100,47800
2016-11-03,47830,80,48100,48100,47800
2016-11-02,47750,600,47300,47900,47300
2016-11-01,47150,110,47280,47330,47000
2016-10-31,47040,130,47200,47320,47040
2016-10-28,46910,210,46700,47070,46700
2016-10-27,46700,50,46520,46700,46500
2016-10-26,46650,330,46500,46690,46490
2016-10-25,46320,60,46400,46430,46300
2016-10-24,46260,-20,46300,46450,46260
2016-10-21,46280,120,46160,46300,46130
2016-10-20,46160,430,45870,46300,45870
2016-10-19,45730,-170,46000,46000,45730
2016-10-18,45900,-350,46250,46250,45890
2016-10-17,46250,260,45990,46300,45990
2016-10-14,45990,-210,46200,46200,45800
2016-10-13,46200,530,45700,46200,45670
2016-10-12,45670,80,45590,45670,45510
2016-10-11,45590,230,45360,45620,45150
2016-10-10,45360,60,45800,45800,45320
2016-10-07,45300,-250,45440,45450,45250
2016-10-06,45550,-320,45850,45850,45480
2016-10-05,45870,-1030,46000,46020,45610
2016-10-04,46900,-150,47050,47050,46650
2016-09-30,47050,140,47100,47300,46970
2016-09-29,46910,-80,46900,47070,46770
2016-09-28,46990,-380,47290,47290,46880
2016-09-27,47370,-400,47780,48130,47300
2016-09-26,47770,170,47700,47830,47670
2016-09-23,47600,100,47700,47750,47500
2016-09-22,47500,-350,47700,47700,47420
2016-09-21,47850,250,47480,48500,47310
2016-09-20,47600,0,47450,47800,47400
2016-09-19,47600,-410,47600,47770,47500
2016-09-13,48010,310,47600,48020,47530
2016-09-12,47700,200,48640,48640,47590
2016-09-09,47500,-100,47370,47730,47370
2016-09-08,47600,-60,47440,47630,47350
2016-09-07,47660,310,47570,47760,47570
2016-09-06,47350,0,47400,47550,47210
2016-09-05,47350,50,47500,47550,47320
2016-09-02,47300,-10,47360,47500,47300
2016-09-01,47310,10,47300,47490,47200
2016-08-31,47300,-440,47620,47620,47240
2016-08-30,47740,-180,47920,47950,47730
2016-08-29,47920,260,47680,48190,47680
2016-08-26,47660,-160,47800,47800,47570
2016-08-25,47820,-480,48090,48090,47820
2016-08-24,48300,100,48200,48490,48000
2016-08-23,48200,-240,48400,48500,48150
2016-08-22,48440,-60,47910,48480,47910
2016-08-19,48500,200,48500,48740,48130
2016-08-18,48300,220,48350,48500,48300
2016-08-17,48080,340,47750,48080,47700
2016-08-16,47740,-60,47600,47800,47590
2016-08-12,47800,-50,47850,47890,47520
2016-08-11,47850,-60,48100,48100,47770
2016-08-10,47910,170,47810,48080,47800
2016-08-09,47740,-250,47900,48060,47740
2016-08-08,47990,-840,48580,48580,47980
2016-08-05,48830,80,48900,49000,48700
2016-08-04,48750,-420,49100,49100,48630
2016-08-03,49170,620,49000,49170,48810
2016-08-02,48550,-100,48920,48930,48400
2016-08-01,48650,120,48800,48950,48610
2016-07-29,48530,-110,48640,48760,48460
2016-07-28,48640,320,48500,48750,48500
2016-07-27,48320,-130,48510,48640,48200
2016-07-26,48450,60,48460,48800,48400
2016-07-25,48390,-190,48580,48650,48370
2016-07-22,48580,180,48850,48860,48570
2016-07-21,48400,-470,48500,48900,48300
2016-07-20,48870,170,49050,49070,48870
2016-07-19,48700,100,49040,49040,48580
2016-07-18,48600,-20,48630,48800,48400
2016-07-15,48620,-330,48950,48950,48350
2016-07-14,48950,-260,49930,49930,48950
2016-07-13,49210,-700,49250,49300,48900
2016-07-12,49910,-380,50100,50290,49850
2016-07-11,50290,-210,50500,50700,50250
2016-07-08,50500,-70,50490,50560,50160
2016-07-07,50570,-340,50890,50890,50550
2016-07-06,50910,1160,50610,50950,50350
2016-07-05,49750,200,49600,49900,49600
2016-07-04,49550,610,49050,49800,49050
2016-07-01,48940,260,48710,48980,48710
2016-06-30,48680,-420,48550,48920,48550
2016-06-29,49100,-280,48700,49300,48640
2016-06-28,49380,-820,50300,50500,49350
2016-06-27,50200,780,49960,50520,49960
2016-06-24,49420,2370,47100,49550,46580
2016-06-23,47050,50,47110,47220,46850
2016-06-22,47000,-870,47140,47450,47000
2016-06-21,47870,330,47550,47980,47130
2016-06-20,47540,-470,48020,48210,47400
2016-06-17,48010,-1110,45900,48290,45000
2016-06-16,49120,220,49000,49140,48950
2016-06-15,48900,220,48680,49000,48680
2016-06-14,48680,180,48980,48980,48500
2016-06-13,48500,-980,48950,49010,48290
2016-06-10,49480,2290,47220,49650,47220
2016-06-09,47190,290,47100,47250,46840
2016-06-08,46900,20,46490,47000,46490
2016-06-07,46880,530,46770,47020,46750
2016-06-03,46350,-280,46640,46640,46150
2016-06-02,46630,-180,46130,47040,46130
2016-06-01,46810,190,46620,46990,46620
2016-05-31,46620,200,46550,46650,46270
2016-05-30,46420,-210,46630,46630,46200
2016-05-27,46630,-400,47080,47080,46300
2016-05-26,47030,30,47360,47360,46770
2016-05-25,47000,-750,47500,47500,46850
2016-05-24,47750,-140,47890,47890,47620
2016-05-23,47890,-60,47900,47900,47500
2016-05-20,47950,-50,47740,47960,47730
2016-05-19,48000,-230,48230,48250,47500
2016-05-18,48230,140,48090,48350,48090
2016-05-17,48090,-110,47910,48150,47910
2016-05-16,48200,510,48100,48260,47750
2016-05-13,47690,160,47850,47850,47100
2016-05-12,47530,90,47950,47950,47530
2016-05-11,47440,40,47400,47600,47020
2016-05-10,47400,-450,47480,47600,47120
2016-05-09,47850,650,47530,48000,47310
2016-05-04,47200,170,47030,47460,47010
2016-05-03,47030,-230,47210,47300,47030
2016-05-02,47260,640,46810,47380,46810
2016-04-29,46620,440,46680,46680,46300
2016-04-28,46180,-10,46740,46740,45950
2016-04-27,46190,200,45990,46200,45960
2016-04-26,45990,-10,46280,46300,45990
2016-04-25,46000,0,46000,46000,45650
2016-04-22,46000,70,45940,46390,45800
2016-04-21,45930,50,46000,46000,45810
2016-04-20,45880,430,46190,46190,45730
2016-04-19,45450,-600,45940,45940,45450
2016-04-18,46050,200,46450,46450,45550
2016-04-15,45850,-150,46000,46000,45630
2016-04-14,46000,-530,46000,46300,46000
2016-04-12,46530,170,46750,46890,46420
2016-04-11,46360,170,46400,46500,46360
2016-04-08,46190,240,46490,46490,46150
2016-04-07,45950,150,45400,46000,45400
2016-04-06,45800,100,45790,46100,45790
2016-04-05,45700,200,45500,45700,45200
2016-04-04,45500,-400,45600,45600,44900
2016-04-01,45900,560,45880,45900,45540
2016-03-31,45340,-730,45690,45690,45260
2016-03-30,46070,270,46200,46280,45900
2016-03-29,45800,-40,46800,46800,45750
2016-03-28,45840,-650,46470,46470,45750
2016-03-25,46490,790,45800,47920,45800
2016-03-24,45700,-300,45410,45990,45410
2016-03-23,46000,-460,46490,46860,45550
2016-03-22,46460,-640,46530,46960,46460
2016-03-21,47100,-450,47150,47500,47000
2016-03-18,47550,-150,47600,47600,47150
2016-03-17,47700,250,48000,48010,47600
2016-03-16,47450,350,47100,47450,47100
2016-03-15,47100,-900,47610,47610,47100
2016-03-14,48000,-1100,48950,48950,47930
2016-03-11,49100,360,49050,49330,49000
2016-03-10,48740,-310,49010,49010,48490
2016-03-09,49050,180,48990,49080,48870
2016-03-08,48870,220,48650,48900,48650
2016-03-07,48650,-10,48690,48990,48540
2016-03-04,48660,30,48720,48900,48580
2016-03-03,48630,230,48400,48800,48400
2016-03-02,48400,-300,48700,48990,48400
2016-02-29,48700,-340,49000,49050,48610
2016-02-26,49040,230,48980,49040,48700
2016-02-25,48810,670,48500,48880,48500
2016-02-24,48140,140,48000,48250,48000
2016-02-23,48000,120,47880,48050,46630
2016-02-22,47880,-70,48000,48050,47690
2016-02-19,47950,930,47500,48020,47500
2016-02-18,47020,290,46500,47150,46500
2016-02-17,46730,660,46990,46990,46100
2016-02-16,46070,-920,46900,46900,45900
2016-02-15,46990,-1010,47990,47990,46520
2016-02-12,48000,1970,47250,48030,47250
2016-02-11,46030,1890,44930,46030,44930
2016-02-05,44140,340,43950,44170,43940
2016-02-04,43800,200,43720,43900,43660
2016-02-03,43600,290,43430,43640,43350
2016-02-02,43310,290,43060,43340,43050
2016-02-01,43020,-150,43170,43330,43000
2016-01-29,43170,70,43240,43250,42900
2016-01-28,43100,200,42950,43250,42950
2016-01-27,42900,190,42730,42970,42730
2016-01-26,42710,110,42600,42710,42600
2016-01-25,42600,0,42500,42690,42440
2016-01-22,42600,70,42500,42660,42410
2016-01-21,42530,80,42690,42690,42450
2016-01-20,42450,140,42300,42510,42300
2016-01-19,42310,-230,42690,42690,42310
2016-01-18,42540,240,42490,42590,42400
2016-01-15,42300,-130,42200,42320,42000
2016-01-14,42430,430,42390,42450,41900
2016-01-13,42000,-410,42350,42350,41340
2016-01-12,42410,210,42200,42410,42180
2016-01-11,42200,300,42000,42350,42000
2016-01-08,41900,260,41800,41990,41800
2016-01-07,41640,290,41500,41750,41400
2016-01-06,41350,150,41200,41420,41100
2016-01-05,41200,120,41080,41290,41070
2016-01-04,41080,410,40700,41080,40700
2015-12-30,40670,30,40650,40800,40500
2015-12-29,40640,30,40600,40750,40400
2015-12-28,40610,-160,40870,41070,40550
2015-12-24,40770,-30,40800,41050,40610
2015-12-23,40800,-290,41010,41010,40650
2015-12-22,41090,190,40900,41090,40700
2015-12-21,40900,310,40700,40990,40500
2015-12-18,40590,-270,40500,41000,40390
2015-12-17,40860,160,40980,40980,40700
2015-12-16,40700,-100,40750,40750,40500
2015-12-15,40800,-250,41050,41050,40700
2015-12-14,41050,150,41000,41280,40850
2015-12-11,40900,-300,41200,41290,40750
2015-12-10,41200,210,41100,41200,40710
2015-12-09,40990,300,40700,41000,40700
2015-12-08,40690,90,40600,40690,40500
2015-12-07,40600,680,40590,40720,40180
2015-12-04,39920,20,40580,40580,39800
2015-12-03,39900,-450,40750,40750,39750
2015-12-02,40350,-110,40440,40440,40170
2015-12-01,40460,470,40300,40500,40290
2015-11-30,39990,-90,40000,40100,39800
2015-11-27,40080,-40,40200,40290,39900
2015-11-26,40120,-230,40100,40150,39900
2015-11-25,40350,-70,41200,41200,40100
2015-11-24,40420,-300,41400,41400,40300
2015-11-23,40720,-270,40900,41000,40710
2015-11-20,40990,-10,41020,41200,40900
2015-11-19,41000,-150,41490,41490,40950
2015-11-18,41150,-200,41000,41400,40800
2015-11-17,41350,-400,41600,41600,41180
2015-11-16,41750,350,41550,41750,41550
2015-11-13,41400,-20,41400,41490,41000
2015-11-12,41420,350,41150,41600,40900
2015-11-11,41070,-180,41250,41490,41050
2015-11-10,41250,-450,41700,41890,41100
2015-11-09,41700,-100,41700,41790,41350
2015-11-06,41800,0,41800,41910,41470
2015-11-05,41800,-80,41880,41880,41300
2015-11-04,41880,-220,42000,42450,41200
2015-11-03,42100,-200,42320,42320,41750
2015-11-02,42300,-380,42710,42710,42130
2015-10-30,42680,-270,42940,42940,42270
2015-10-29,42950,10,43070,43070,42870
2015-10-28,42940,160,42970,42980,42750
2015-10-27,42780,-70,42850,42850,42650
2015-10-26,42850,150,43000,43000,42700
2015-10-23,42700,-280,43000,43000,42640
2015-10-22,42980,-120,42900,43040,42850
2015-10-21,43100,130,43210,43210,42800
2015-10-20,42970,-150,43140,43140,42730
2015-10-19,43120,-80,43200,43440,42570
2015-10-16,43200,-100,43400,43400,43110
2015-10-15,43300,200,43400,43400,43210
2015-10-14,43100,100,43250,43300,43100
2015-10-13,43000,-50,43180,43180,42910
2015-10-12,43050,150,42900,43220,42900
2015-10-08,42900,-250,43150,43150,42900
2015-10-07,43150,100,43090,43300,43090
2015-10-06,43050,-10,43000,43300,42850
2015-10-05,43060,310,43250,43400,43010
2015-10-02,42750,210,42700,42800,42470
2015-10-01,42540,-740,43050,43050,42410
2015-09-30,43280,-420,43750,43750,43000
2015-09-25,43700,400,43700,43790,43600
2015-09-24,43300,70,43580,43590,43200
2015-09-23,43230,0,43230,43240,42800
2015-09-22,43230,130,43480,43480,43100
2015-09-21,43100,310,43280,43290,43090
2015-09-18,42790,190,42900,43000,42630
2015-09-17,42600,100,42900,42900,42500
2015-09-16,42500,-380,42800,42900,42400
2015-09-15,42880,130,42750,43000,42400
2015-09-14,42750,-550,43300,43300,42500
2015-09-11,43300,550,42750,43400,42700
2015-09-10,42750,-400,43000,43000,42750
2015-09-09,43150,-290,43500,43500,42700
2015-09-08,43440,-30,43500,43500,43300
2015-09-07,43470,40,43500,43500,43280
2015-09-04,43430,230,43500,43550,43050
2015-09-03,43200,-100,43100,43500,43040
2015-09-02,43300,300,43600,43600,43010
2015-09-01,43000,-150,43990,43990,43000
2015-08-31,43150,350,42900,43170,42900
2015-08-28,42800,10,42790,42900,42490
2015-08-27,42790,-100,42890,43050,42700
2015-08-26,42890,-1260,43690,43800,42710
2015-08-25,44150,-320,44300,44300,43720
2015-08-24,44470,370,44300,44600,44050
2015-08-21,44100,970,43330,44300,43330
2015-08-20,43130,500,42750,43200,42750
2015-08-19,42630,30,42750,42750,42600
2015-08-18,42600,40,42590,42700,42560
2015-08-17,42560,110,42460,42590,42430
2015-08-13,42450,120,42500,42500,42410
2015-08-12,42330,630,42290,42400,42000
2015-08-11,41700,150,41680,41730,41510
2015-08-10,41550,100,41450,41570,41410
2015-08-07,41450,10,41440,41450,41250
2015-08-06,41440,60,41410,41480,41300
2015-08-05,41380,80,41240,41500,41240
2015-08-04,41300,-250,41500,41540,41180
2015-08-03,41550,100,41500,42000,41490
2015-07-31,41450,-140,41580,41580,41350
2015-07-30,41590,40,41600,41700,41550
2015-07-29,41550,-80,41630,41700,41500
2015-07-28,41630,-170,41940,41950,41620
2015-07-27,41800,230,42260,42260,41700
2015-07-24,41570,-310,41750,41790,41410
2015-07-23,41880,330,41550,41890,41550
2015-07-22,41550,-450,41840,41840,41500
2015-07-21,42000,-40,42000,42090,41940
2015-07-20,42040,-640,42450,42450,41100
2015-07-17,42680,-20,42650,42680,42470
2015-07-16,42700,-90,42790,42790,42700
2015-07-15,42790,-10,42800,42810,42760
2015-07-14,42800,100,42780,42850,42690
2015-07-13,42700,0,42700,42800,42650
2015-07-10,42700,0,42600,42700,42500
2015-07-09,42700,100,42650,42840,42630
2015-07-08,42600,-290,42740,42740,42590
2015-07-07,42890,10,42950,42950,42720
2015-07-06,42880,270,42980,43000,42710
2015-07-03,42610,-230,42440,42630,42400
2015-07-02,42840,-10,42800,42840,42500
2015-07-01,42850,-60,42900,42900,42500
2015-06-30,42910,-140,43050,43050,42550
2015-06-29,43050,490,43010,43100,42860
2015-06-26,42560,-90,42530,42700,42530
2015-06-25,42650,-100,42750,42800,42650
2015-06-24,42750,220,42390,42750,42390
2015-06-23,42530,-170,42670,42670,42410
2015-06-22,42700,-140,42830,42840,42650
2015-06-19,42840,330,42650,42850,42650
2015-06-18,42510,-190,42720,42790,42450
2015-06-17,42700,-50,42750,42750,42600
2015-06-16,42750,210,42790,42800,42730
2015-06-15,42540,-210,42660,42730,42500
2015-06-12,42750,250,42500,42760,42450
2015-06-11,42500,-140,42770,42770,42440
2015-06-10,42640,0,42800,42800,42400
2015-06-09,42640,-60,42680,42780,42400
2015-06-08,42700,270,42600,42790,42500
2015-06-05,42430,-250,42900,42900,42290
2015-06-04,42680,-100,42690,42690,42500
2015-06-03,42780,-60,42900,42900,42600
2015-06-02,42840,0,42870,42890,42750
2015-06-01,42840,150,42810,42850,42800
2015-05-29,42690,0,42650,42690,42550
2015-05-28,42690,170,42520,42800,42520
2015-05-27,42520,-230,42650,42650,42480
2015-05-26,42750,30,42790,42790,42660
2015-05-22,42720,-130,42900,42900,42490
2015-05-21,42850,40,42810,42860,42800
2015-05-20,42810,-140,42880,42880,42650
2015-05-19,42950,80,43000,43000,42850
2015-05-18,42870,100,42770,42900,42750
2015-05-15,42770,60,42800,42910,42770
2015-05-14,42710,410,42790,42840,42600
2015-05-13,42300,320,41980,42340,41980
2015-05-12,41980,-110,42190,42190,41940
2015-05-11,42090,190,41850,42100,41700
2015-05-08,41900,-80,41960,42000,41800
2015-05-07,41980,90,41880,42100,41850
2015-05-06,41890,190,42000,42250,41890
2015-05-04,41700,-300,41910,41910,41500
2015-04-30,42000,-100,42300,42300,41850
2015-04-29,42100,120,42240,42240,42050
2015-04-28,41980,530,41770,42140,41770
2015-04-27,41450,-350,41600,41640,41200
2015-04-24,41800,0,41800,42000,41700
2015-04-23,41800,-320,41800,41900,41650
2015-04-22,42120,30,42400,42400,42000
2015-04-21,42090,-190,42050,42090,41850
2015-04-20,42280,30,42200,42300,42180
2015-04-17,42250,-250,42350,42350,42060
2015-04-16,42500,10,42900,42900,42400
2015-04-15,42490,-90,42400,42500,42250
2015-04-14,42580,-200,42800,42800,42500
2015-04-13,42780,280,42700,42840,42610
2015-04-10,42500,-40,42800,42800,42450
2015-04-09,42540,-260,42690,42740,42420
2015-04-08,42800,20,42800,42970,42750
2015-04-07,42780,30,42850,42900,42740
2015-04-06,42750,0,43050,43050,42700
2015-04-03,42750,10,42720,42750,42650
2015-04-02,42740,320,42850,42850,42700
2015-04-01,42420,-90,42450,42470,42360
2015-03-31,42510,-310,42800,42800,42480
2015-03-30,42820,-180,42900,43000,42780
2015-03-27,43000,100,43290,43290,42950
2015-03-26,42900,250,42970,43000,42650
2015-03-25,42650,-150,42900,42900,42500
2015-03-24,42800,-200,43310,43310,42700
2015-03-23,43000,30,43480,43480,42970
2015-03-20,42970,190,43230,43230,42870
2015-03-19,42780,430,42950,42950,42700
2015-03-18,42350,-350,42900,42900,42350
2015-03-17,42700,-400,43100,43100,42600
2015-03-16,43100,200,43400,43400,42900
2015-03-13,42900,250,42660,42900,42650
2015-03-12,42650,-100,42690,43000,42500
2015-03-11,42750,150,42750,43090,42600
2015-03-10,42600,10,43190,43190,42550
2015-03-09,42590,-460,42880,42990,42300
2015-03-06,43050,-300,43300,43300,42850
2015-03-05,43350,90,43300,43400,43250
2015-03-04,43260,60,43370,43450,43180
2015-03-03,43200,-500,43490,43510,42870
2015-03-02,43700,500,43700,43770,43560
2015-02-27,43200,100,43500,43500,43050
2015-02-26,43100,-310,43700,43700,42900
2015-02-25,43410,-590,43990,44100,43400
2015-02-24,44000,300,43750,44300,43640
2015-02-23,43700,-710,44450,44970,43600
2015-02-17,44410,20,44850,44850,44380
2015-02-16,44390,690,44490,44600,43800
2015-02-13,43700,-300,44000,44100,43600
2015-02-12,44000,20,43600,44000,43600
2015-02-11,43980,-260,44150,44550,43960
2015-02-10,44240,-110,44370,44500,44100
2015-02-09,44350,-410,44500,44550,43950
2015-02-06,44760,-170,44600,44800,44500
2015-02-05,44930,560,45120,45120,44810
2015-02-04,44370,-900,44500,44990,44350
2015-02-03,45270,-80,45000,45280,44900
2015-02-02,45350,650,45450,45450,44690
2015-01-30,44700,-350,44690,44720,44500
2015-01-29,45050,-10,45050,45050,44840
2015-01-28,45060,710,44700,45170,44640
2015-01-27,44350,-650,44850,44850,44200
2015-01-26,45000,-250,45000,45240,44990
2015-01-23,45250,50,45200,45400,45200
2015-01-22,45200,-100,45260,45260,44870
2015-01-21,45300,890,45170,45300,45110
2015-01-20,44410,210,44250,44410,44230
2015-01-19,44200,640,44050,44250,44050
2015-01-16,43560,640,43010,43600,43010
2015-01-15,42920,-10,43000,43000,42840
2015-01-14,42930,-150,43080,43080,42750
2015-01-13,43080,180,43300,43300,43010
2015-01-12,42900,100,42850,43000,42840
2015-01-09,42800,-90,42860,43000,42700
2015-01-08,42890,-80,43000,43000,42770
2015-01-07,42970,260,43190,43190,42810
2015-01-06,42710,30,42700,42950,42700
2015-01-05,42680,380,42400,42700,42370
2015-01-02,42300,-30,42300,42990,42300
2014-12-30,42330,-170,42450,42450,42200
2014-12-29,42500,270,42400,42600,42370
2014-12-26,42230,130,42080,42240,42060
2014-12-24,42100,-190,42280,42280,42000
2014-12-23,42290,-190,42060,42290,41850
2014-12-22,42480,-220,42590,42630,42410
2014-12-19,42700,-40,42700,42700,42600
2014-12-18,42740,390,42340,42800,42200
2014-12-17,42350,250,41990,42350,41900
2014-12-16,42100,-1220,42500,42600,42060
2014-12-15,43320,-230,43650,43650,43320
2014-12-12,43550,-90,43850,43850,43450
2014-12-11,43640,-210,43770,43770,43500
2014-12-10,43850,880,43700,43850,43700
2014-12-09,42970,-60,43030,43250,42970
2014-12-08,43030,-20,43000,43030,42970
2014-12-05,43050,-250,43200,43200,43000
2014-12-04,43300,250,43110,43350,43110
2014-12-03,43050,100,42900,43100,42900
2014-12-02,42950,1490,42700,43100,42700
2014-12-01,41460,-910,41900,41900,41460
2014-11-28,42370,80,42280,42450,42280
2014-11-27,42290,-620,42810,42810,42240
2014-11-26,42910,10,42990,42990,42840
2014-11-25,42900,-200,43100,43110,42900
2014-11-24,43100,260,43000,43150,43000
2014-11-21,42840,390,42820,42900,42720
2014-11-20,42450,-180,42530,42530,42200
2014-11-19,42630,400,42650,42650,42500
2014-11-18,42230,270,42000,42230,42000
2014-11-17,41960,790,41500,42290,41500
2014-11-14,41170,-90,41440,41440,41050
2014-11-13,41260,-10,41150,41390,40950
2014-11-12,41270,670,41000,41300,41000
2014-11-11,40600,-550,41000,41000,40550
2014-11-10,41150,1050,40900,41200,40900
2014-11-07,40100,-170,40500,40500,40100
2014-11-06,40270,-420,40500,40500,40140
2014-11-05,40690,-210,40850,40850,40600
2014-11-04,40900,330,40800,40900,40720
2014-11-03,40570,-430,40650,40780,40500
2014-10-31,41000,-300,41200,41200,40900
2014-10-30,41300,-370,41570,41570,41300
2014-10-29,41670,-20,41780,41780,41600
2014-10-28,41690,-210,41800,41880,41650
2014-10-27,41900,-180,42950,42950,41700
2014-10-24,42080,-320,42050,42200,42050
2014-10-23,42400,-150,42500,42500,42350
2014-10-22,42550,50,42500,42590,42500
2014-10-21,42500,40,42650,42650,42450
2014-10-20,42460,-90,42400,42460,42300
2014-10-17,42550,70,42510,42690,42480
2014-10-16,42480,280,42500,42570,42300
2014-10-15,42200,-240,42400,42400,42120
2014-10-14,42440,-60,42490,42550,42380
2014-10-13,42500,240,42490,42680,42490
2014-10-10,42260,160,42500,42500,42250
2014-10-08,42100,530,41800,42100,41800
2014-10-07,41570,370,41250,41580,41250
2014-10-06,41200,-550,41600,41600,40810
2014-10-02,41750,230,41700,41800,41600
2014-10-01,41520,40,41480,41520,41400
2014-09-30,41480,70,41500,41510,41410
2014-09-29,41410,-20,41500,41500,41300
2014-09-26,41430,280,41200,41900,41200
2014-09-25,41150,-200,41280,41280,40900
2014-09-24,41350,50,41070,41480,41070
2014-09-23,41300,260,41500,41500,41110
2014-09-22,41040,-260,41200,41200,40880
2014-09-19,41300,20,41280,41670,41220
2014-09-18,41280,-120,41250,41300,41150
2014-09-17,41400,-80,41500,41500,41300
2014-09-16,41480,70,41280,41480,41280
2014-09-15,41410,-190,41700,41700,41350
2014-09-12,41600,-190,41750,41750,41410
2014-09-11,41790,-110,41780,41800,41750
2014-09-05,41900,0,41820,41900,41600
2014-09-04,41900,0,41950,41950,41800
2014-09-03,41900,-270,41900,42000,41640
2014-09-02,42170,-30,42160,42180,42130
2014-09-01,42200,-50,42250,42250,42180
2014-08-29,42250,70,42480,42500,42250
2014-08-28,42180,80,42100,42180,42100
2014-08-27,42100,-120,42140,42150,42080
2014-08-26,42220,70,42200,42240,42050
2014-08-25,42150,-50,42300,42300,42110
2014-08-22,42200,-380,42300,42300,42100
2014-08-21,42580,-220,42800,42800,42550
2014-08-20,42800,40,42800,42800,42720
2014-08-19,42760,-50,42800,42850,42740
2014-08-18,42810,-530,43080,43080,42720
2014-08-14,43340,-130,43510,43550,43340
2014-08-13,43470,120,43520,43520,43380
2014-08-12,43350,-200,43550,43550,43350
2014-08-11,43550,-610,44100,44100,43460
2014-08-08,44160,530,43660,44180,43660
2014-08-07,43630,480,43350,43670,43350
2014-08-06,43150,170,43150,43170,43110
2014-08-05,42980,-30,43100,43150,42900
2014-08-04,43010,110,42900,43120,42900
2014-08-01,42900,-50,42900,43000,42870
2014-07-31,42950,50,42990,42990,42830
2014-07-30,42900,-270,43200,43200,42900
2014-07-29,43170,-150,43320,43500,43150
2014-07-28,43320,490,43300,43380,43100
2014-07-25,42830,-260,43100,43100,42830
2014-07-24,43090,-10,43200,43200,43080
2014-07-23,43100,-190,43300,43300,43100
2014-07-22,43290,-210,43410,43500,43250
2014-07-21,43500,-230,43640,43650,43340
2014-07-18,43730,380,43500,43900,43500
2014-07-17,43350,130,43250,43450,43190
2014-07-16,43220,-80,43040,43300,43040
2014-07-15,43300,-420,43200,43400,42900
2014-07-14,43720,-350,43880,44060,43720
2014-07-11,44070,640,43780,44090,43770
2014-07-10,43430,200,43450,43450,43270
2014-07-09,43230,80,43100,43230,43100
2014-07-08,43150,250,43200,43200,43000
2014-07-07,42900,-100,43200,43200,42900
2014-07-04,43000,-150,43030,43100,42990
2014-07-03,43150,-50,43300,43300,43000
2014-07-02,43200,-190,43320,43350,43200
2014-07-01,43390,360,43300,43500,43250
2014-06-30,43030,-270,43290,43290,43000
2014-06-27,43300,70,43230,43300,43060
2014-06-26,43230,-60,43490,43490,43150
2014-06-25,43290,40,43050,43450,43050
2014-06-24,43250,50,43170,43300,43170
2014-06-23,43200,-50,43250,43250,43040
2014-06-20,43250,1160,43000,43250,43000
2014-06-19,42090,110,42130,42130,42090
2014-06-18,41980,80,42000,42100,41900
2014-06-17,41900,-400,42100,42100,41850
2014-06-16,42300,440,42200,42300,42140
2014-06-13,41860,410,41980,41980,41800
2014-06-12,41450,-10,41680,41680,41450
2014-06-11,41460,210,41270,41530,41270
2014-06-10,41250,30,41200,41250,41190
2014-06-09,41220,120,41120,41400,41120
2014-06-05,41100,-120,41300,41300,41070
2014-06-03,41220,-20,41300,41550,41180
2014-06-02,41240,-330,41480,41480,41240
2014-05-30,41570,0,41600,41600,41520
2014-05-29,41570,-270,41830,41830,41540
2014-05-28,41840,-830,42100,42180,41780
2014-05-27,42670,-160,42800,42830,42670
2014-05-26,42830,-40,42800,42880,42800
2014-05-23,42870,-60,43000,43000,42840
2014-05-22,42930,-90,43000,43000,42820
2014-05-21,43020,230,43200,43200,43020
2014-05-20,42790,-90,42800,42890,42780
2014-05-19,42880,-70,42950,42950,42740
2014-05-16,42950,-340,42950,43250,42950
2014-05-15,43290,210,43500,43500,43290
2014-05-14,43080,320,42770,43080,42760
2014-05-13,42760,20,43150,43150,42680
2014-05-12,42740,-60,42720,42900,42720
2014-05-09,42800,0,42800,42800,42680
2014-05-08,42800,-700,42980,42980,42700
2014-05-07,43500,580,43500,43700,43360
2014-05-02,42920,-330,43010,43010,42840
2014-04-30,43250,-20,43500,43500,43220
2014-04-29,43270,-800,43480,43480,43270
2014-04-28,44070,470,43950,44080,43950
2014-04-25,43600,320,43500,43650,43450
2014-04-24,43280,-20,43300,43350,43250
2014-04-23,43300,-130,43430,43430,43000
2014-04-22,43430,140,43290,43500,43000
2014-04-21,43290,-410,43800,43800,43130
2014-04-18,43700,-80,43800,43800,43130
2014-04-17,43780,30,43900,43900,43700
2014-04-16,43750,-910,44650,44650,43750
2014-04-15,44660,-40,44780,44830,44600
2014-04-14,44700,330,44380,44780,44380
2014-04-11,44370,-80,44650,44650,44350
2014-04-10,44450,10,44350,44450,44100
2014-04-09,44440,-260,44560,44560,44290
2014-04-08,44700,-90,44600,44700,44490
2014-04-07,44790,580,44600,44800,44600
2014-04-04,44210,-440,44340,44340,44180
2014-04-03,44650,500,44180,44680,44180
2014-04-02,44150,-350,44260,44300,44150
2014-04-01,44500,-460,44320,44500,44320
2014-03-31,44960,10,44960,45030,44940
2014-03-28,44950,-590,45020,45100,44500
2014-03-27,45540,-520,45800,45820,45540
2014-03-26,46060,-170,46100,46100,46000
2014-03-25,46230,-720,46400,46420,46000
2014-03-24,46950,620,46950,47400,46730