날짜,종가,대비
2023.1.4,1847.01,6.04
2023.1.3,1840.97,13.56
2023.1.2,1827.41,19.3
2022.12.29,1808.11,-3.12
2022.12.28,1811.22,5.89
2022.12.27,1805.33,-1.98
2022.12.26,1807.31,11.29
2022.12.23,1796.02,-20.29
2022.12.22,1816.3,2.79
2022.12.21,1813.51,20.59
2022.12.20,1792.91,-0.04
2022.12.19,1792.95,10.22
2022.12.16,1782.72,-13.3
2022.12.15,1796.03,-16.42
2022.12.14,1812.44,26.05
2022.12.13,1786.39,-1.24
2022.12.12,1787.63,-7.04
2022.12.9,1794.66,9.06
2022.12.8,1785.6,13.29
2022.12.7,1772.32,1.69
2022.12.6,1770.62,-32.92
2022.12.5,1803.55,4.03
2022.12.2,1799.52,16.91
2022.12.1,1782.61,28.66
2022.11.30,1753.95,-0.19
2022.11.29,1754.14,2.15
2022.11.28,1751.98,-4.58
2022.11.25,1756.57,2.4
2022.11.24,1754.16,16.17
2022.11.23,1737.99,-3.56
2022.11.22,1741.56,-4.08
2022.11.21,1745.63,-17.32
2022.11.18,1762.95,-2.37
2022.11.17,1765.33,-7.62
2022.11.16,1772.94,3.25
2022.11.15,1769.68,8.86
2022.11.14,1760.83,4.96
2022.11.11,1755.87,45.32
2022.11.10,1710.55,0.67
2022.11.9,1709.88,38.63
2022.11.8,1671.26,-0.04
2022.11.7,1671.3,23.12
2022.11.4,1648.18,12.31
2022.11.3,1635.87,-14.48
2022.11.2,1650.35,5.5
2022.11.1,1644.85,2.17
2022.10.31,1642.67,-16.68
2022.10.28,1659.35,-3.05
2022.10.27,1662.4,-1.17
2022.10.26,1663.57,13.06
2022.10.25,1650.51,-4.33
2022.10.24,1654.84,32.38
2022.10.21,1622.46,-7.36
2022.10.20,1629.82,-12.88
2022.10.19,1642.69,-13.46
2022.10.18,1656.15,5.75
2022.10.17,1650.4,-20.6
2022.10.14,1671.01,2.6
2022.10.13,1668.4,-5.92
2022.10.12,1674.33,6.35
2022.10.11,1667.97,-41.59
2022.10.7,1709.56,-13.61
2022.10.6,1723.17,-2.43
2022.10.5,1725.6,21.15
2022.10.4,1704.45,39.38
2022.9.30,1665.07,19.4
2022.9.29,1645.66,22.86
2022.9.28,1622.81,-13.05
2022.9.27,1635.86,-0.52
2022.9.26,1636.38,-36.33
2022.9.23,1672.7,14.1
2022.9.22,1658.6,-12.96
2022.9.21,1671.57,-2.79
2022.9.20,1674.36,8.33
2022.9.19,1666.03,6.04
2022.9.16,1659.98,-27.32
2022.9.15,1687.3,-13.71
2022.9.14,1701.01,-22.83
2022.9.13,1723.84,4.96
2022.9.8,1718.88,20.59
2022.9.7,1698.3,-20.85
2022.9.6,1719.14,8.48
2022.9.5,1710.66,8.25
2022.9.2,1702.41,-3.9
2022.9.1,1706.31,-15.05
2022.8.31,1721.37,-11.84
2022.8.30,1733.2,8.29
2022.8.29,1724.91,-32.88
2022.8.26,1757.8,-2.85
2022.8.25,1760.65,15.61
2022.8.24,1745.05,8.86
2022.8.23,1736.18,-6.03
2022.8.22,1742.21,-14.69
2022.8.19,1756.9,-5.26
2022.8.18,1762.16,-15.62
2022.8.17,1777.79,-2.43
2022.8.16,1780.21,-11.77
2022.8.12,1791.98,7.54
2022.8.11,1784.45,-4.45
2022.8.10,1788.89,3.29
2022.8.9,1785.61,10.76
2022.8.8,1774.86,-14.66
2022.8.5,1789.52,18.73
2022.8.4,1770.78,3.35
2022.8.3,1767.43,-8.32
2022.8.2,1775.75,11.79
2022.8.1,1763.95,-2.15
2022.7.29,1766.1,24.91
2022.7.28,1741.19,22.41
2022.7.27,1718.78,-5.49
2022.7.26,1724.27,-1.74
2022.7.25,1726,7.76
2022.7.22,1718.24,27.81
2022.7.21,1690.43,-16.06
2022.7.20,1706.49,-2.02
2022.7.19,1708.52,-5.09
2022.7.18,1713.61,11.57
2022.7.15,1702.03,-22.52
2022.7.14,1724.55,-0.53
2022.7.13,1725.07,-10.36
2022.7.12,1735.43,-5.12
2022.7.11,1740.56,-2.19
2022.7.8,1742.74,-2.1
2022.7.7,1744.84,-23.67
2022.7.6,1768.51,-40.95
2022.7.5,1809.45,-1.36
2022.7.4,1810.82,13.89
2022.7.1,1796.93,-19.66
2022.6.30,1816.59,-0.07
2022.6.29,1816.66,-12.28
2022.6.28,1828.94,-7.21
2022.6.27,1836.16,13.47
2022.6.24,1822.68,-11.11
2022.6.23,1833.8,7.84
2022.6.22,1825.95,-8.29
2022.6.21,1834.23,-9.37
2022.6.20,1843.6,-2.16
2022.6.17,1845.76,15.68
2022.6.16,1830.08,7.86
2022.6.15,1822.22,-6.91
2022.6.14,1829.13,-34.49
2022.6.13,1863.62,18.32
2022.6.10,1845.31,-4.43
2022.6.9,1849.74,0.7
2022.6.8,1849.05,7.25
2022.6.7,1841.8,-25.08
2022.6.3,1866.88,15.75
2022.6.2,1851.13,-3.1
2022.5.31,1854.23,-7.65
2022.5.30,1861.88,8.27
2022.5.27,1853.62,7.77
2022.5.26,1845.85,-12.79
2022.5.25,1858.64,6.39
2022.5.24,1852.26,-1.64
2022.5.23,1853.89,5.77
2022.5.20,1848.12,34.83
2022.5.19,1813.3,2.38
2022.5.18,1810.91,-17.77
2022.5.17,1828.68,22.82
2022.5.16,1805.86,-17.54
2022.5.13,1823.39,-29.93
2022.5.12,1853.32,8.11
2022.5.11,1845.21,-15.9
2022.5.10,1861.12,-10.63
2022.5.9,1871.75,-4.84
2022.5.6,1876.6,12.81
2022.5.4,1863.79,3.73
2022.5.3,1860.06,-25.64
2022.5.2,1885.69,-25.23
2022.4.29,1910.92,33.65
2022.4.28,1877.27,-21.51
2022.4.27,1898.78,-4.66
2022.4.26,1903.44,-11.41
2022.4.25,1914.85,-39.13
2022.4.22,1953.98,0.87
2022.4.21,1953.12,12.58
2022.4.20,1940.54,-34.37
2022.4.19,1974.9,-15.07
2022.4.18,1989.97,16.26
2022.4.15,1973.71,0.58
2022.4.14,1973.12,4.09
2022.4.13,1969.03,10.54
2022.4.12,1958.49,16.02
2022.4.11,1942.47,13.24
2022.4.8,1929.23,3.88
2022.4.7,1925.36,4.35
2022.4.6,1921.01,-10.96
2022.4.5,1931.96,7.71
2022.4.4,1924.25,-8.95
2022.4.1,1933.2,7.08
2022.3.31,1926.12,2.47
2022.3.30,1923.64,-0.06
2022.3.29,1923.7,-11.95
2022.3.28,1935.64,-20.98
2022.3.25,1956.63,16.35
2022.3.24,1940.28,22.09
2022.3.23,1918.18,-17.05
2022.3.22,1935.24,10.4
2022.3.21,1924.84,-9.12
2022.3.18,1933.95,-0.02
2022.3.17,1933.97,19.14
2022.3.16,1914.83,-17.11
2022.3.15,1931.94,-43.76
2022.3.14,1975.7,-11.59
2022.3.11,1987.29,1.93
2022.3.10,1985.37,-24.52
2022.3.8,2009.89,25.36
2022.3.7,1984.54,47.95
2022.3.4,1936.58,7.7
2022.3.3,1928.88,-8.72
2022.3.2,1937.6,28.59
2022.2.28,1909.02,-7.89
2022.2.25,1916.9,-22.11
2022.2.24,1939.02,42.05
2022.2.23,1896.96,-11.88
2022.2.22,1908.85,18.71
2022.2.21,1890.14,-1.92
2022.2.18,1892.06,16.81
2022.2.17,1875.24,20.23
2022.2.16,1855.02,-23.11
2022.2.15,1878.12,25.36
2022.2.14,1852.76,29.93
2022.2.11,1822.83,-11.8
2022.2.10,1834.63,7.21
2022.2.9,1827.42,6.54
2022.2.8,1820.88,11.21
2022.2.7,1809.67,2.83
2022.2.4,1806.85,1.4
2022.2.3,1805.45,7.54
2022.1.28,1797.91,-13.88
2022.1.27,1811.79,-34.92
2022.1.26,1846.71,4.99
2022.1.25,1841.72,2.86
2022.1.24,1838.87,-1.48
2022.1.21,1840.34,0.39
2022.1.20,1839.95,26.66
2022.1.19,1813.3,-3.38
2022.1.18,1816.67,-2.46
2022.1.17,1819.13,-8.43
2022.1.14,1827.56,2.79
2022.1.13,1824.77,4.26
2022.1.12,1820.5,13.2
2022.1.11,1807.3,14.4
2022.1.10,1792.89,2.62
2022.1.7,1790.27,-12.65
2022.1.6,1802.92,-12.04
2022.1.5,1814.96,10.37
2022.1.4,1804.59,-20.34
2022.1.3,1824.93,26.36
2021.12.30,1798.57,-7.95
2021.12.29,1806.52,-8.55
2021.12.28,1815.08,5.42
2021.12.27,1809.65,0.76
2021.12.24,1808.89,3.27
2021.12.23,1805.62,17.45
2021.12.22,1788.16,-2.09
2021.12.21,1790.26,-11.64
2021.12.20,1801.9,-4.15
2021.12.17,1806.05,21.8
2021.12.16,1784.24,14.76
2021.12.15,1769.48,-17.82
2021.12.14,1787.31,1.77
2021.12.13,1785.54,12.65
2021.12.10,1772.88,-12.54
2021.12.9,1785.41,-3.5
2021.12.8,1788.92,7.89
2021.12.7,1781.03,-4.25
2021.12.6,1785.28,12.43
2021.12.3,1772.85,-5.16
2021.12.2,1778,-10.3
2021.12.1,1788.3,-4.24
2021.11.30,1792.54,-2.56
2021.11.29,1795.1,-7.1
2021.11.26,1802.19,9.22
2021.11.25,1792.97,-0.84
2021.11.24,1793.81,-10.85
2021.11.23,1804.66,-38.72
2021.11.22,1843.38,-17.54
2021.11.19,1860.91,-2.82
2021.11.18,1863.73,8.86
2021.11.17,1854.88,-11.02
2021.11.16,1865.89,8.15
2021.11.15,1857.73,-0.21
2021.11.12,1857.95,5.41
2021.11.11,1852.54,27.69
2021.11.10,1824.85,1.1
2021.11.9,1823.75,6.45
2021.11.8,1817.31,20.79
2021.11.5,1796.52,23.92
2021.11.4,1772.6,-7.33
2021.11.3,1779.93,-14.71
2021.11.2,1794.64,11.56
2021.11.1,1783.08,-12.14
2021.10.29,1795.22,-6.44
2021.10.28,1801.66,12.72
2021.10.27,1788.94,-16.05
2021.10.26,1804.99,8.02
2021.10.25,1796.98,4.12
2021.10.22,1792.86,7.6
2021.10.21,1785.26,9.12
2021.10.20,1776.13,-1.77
2021.10.19,1777.9,12.27
2021.10.18,1765.63,-25.82
2021.10.15,1791.45,-2.47
2021.10.14,1793.92,31.7
2021.10.13,1762.23,1.4
2021.10.12,1760.83,1.72
2021.10.8,1759.11,-4.32
2021.10.7,1763.43,9.57
2021.10.6,1753.86,-5.08
2021.10.5,1758.94,4.43
2021.10.1,1754.51,25.41
2021.9.30,1729.11,-10.02
2021.9.29,1739.12,-4.17
2021.9.28,1743.29,-15.52
2021.9.27,1758.81,3.47
2021.9.24,1755.34,-8.68
2021.9.23,1764.01,-0.92
2021.9.17,1764.93,-22.21
2021.9.16,1787.14,-15.64
2021.9.15,1802.79,9.62
2021.9.14,1793.16,2.33
2021.9.13,1790.84,-11.49
2021.9.10,1802.33,13.4
2021.9.9,1788.93,-6.94
2021.9.8,1795.87,-21.46
2021.9.7,1817.34,-10.94
2021.9.6,1828.28,15.15
2021.9.3,1813.12,-1.57
2021.9.2,1814.7,-0.97
2021.9.1,1815.67,-0.3
2021.8.31,1815.98,2.3
2021.8.30,1813.68,9.92
2021.8.27,1803.76,18.29
2021.8.26,1785.47,-9.92
2021.8.25,1795.39,-8.34
2021.8.24,1803.73,18.62
2021.8.23,1785.12,-2.13
2021.8.20,1787.25,7.12
2021.8.19,1780.12,-13.12
2021.8.18,1793.25,1.31
2021.8.17,1791.93,33.68
2021.8.13,1758.26,4.25
2021.8.12,1754.01,23.07
2021.8.11,1730.93,-5.07
2021.8.10,1736,-11.33
2021.8.9,1747.33,-53.23
2021.8.6,1800.56,-9.4
2021.8.5,1809.96,-3.71
2021.8.4,1813.67,4.7
2021.8.3,1808.97,0.53
2021.8.2,1808.44,-19.75
2021.7.30,1828.18,10.97
2021.7.29,1817.21,12.27
2021.7.28,1804.94,10.45
2021.7.27,1794.5,-12.18
2021.7.26,1806.67,-1.02
2021.7.23,1807.7,6.06
2021.7.22,1801.64,-11.12
2021.7.21,1812.76,-4.34
2021.7.20,1817.1,12.1
2021.7.19,1804.99,-19.95
2021.7.16,1824.95,-7.09
2021.7.15,1832.05,18.7
2021.7.14,1813.35,1.49
2021.7.13,1811.86,12.2
2021.7.12,1799.66,2.04
2021.7.9,1797.63,0.78
2021.7.8,1796.86,-7.38
2021.7.7,1804.23,-1.88
2021.7.6,1806.11,16.45
2021.7.5,1789.66,11.71
2021.7.2,1777.95,0.14
2021.7.1,1777.81,19.64
2021.6.30,1758.16,-16.75
2021.6.29,1774.9,-8.45
2021.6.28,1783.35,3.6
2021.6.25,1779.76,2.98
2021.6.24,1776.78,-5.32
2021.6.23,1782.09,-1.46
2021.6.22,1783.55,5.62
2021.6.21,1777.92,-6.92
2021.6.18,1784.85,-26.67
2021.6.17,1811.52,-49.7
2021.6.16,1861.21,-6.88
2021.6.15,1868.1,7.25
2021.6.14,1860.85,-40.72
2021.6.11,1901.56,16.06
2021.6.10,1885.5,-6.21
2021.6.9,1891.71,-5.32
2021.6.8,1897.03,13.24
2021.6.7,1883.79,11.19
2021.6.4,1872.6,-23.92
2021.6.3,1896.52,0.4
2021.6.2,1896.12,-19.95
2021.6.1,1916.08,12.44
2021.5.31,1903.63,14.68
2021.5.28,1888.95,-10.16
2021.5.27,1899.12,-6.43
2021.5.26,1905.55,20.28
2021.5.25,1885.27,2.23
2021.5.24,1883.04,9.72
2021.5.21,1873.32,-1.46
2021.5.20,1874.78,6.03
2021.5.18,1868.75,15.04
2021.5.17,1853.71,20.1
2021.5.14,1833.61,13.28
2021.5.13,1820.33,-12.12
2021.5.12,1832.45,-3.42
2021.5.11,1835.87,0.8
2021.5.10,1835.08,16.13
2021.5.7,1818.94,24.22
2021.5.6,1794.72,8.44
2021.5.4,1786.29,7.41
2021.5.3,1778.88,6.36
2021.4.30,1772.52,-7
2021.4.29,1779.52,10.94
2021.4.28,1768.58,-12.21
2021.4.27,1780.79,5.2
2021.4.26,1775.59,-8.32
2021.4.23,1783.91,-6.86
2021.4.22,1790.77,4.11
2021.4.21,1786.66,18.75
2021.4.20,1767.9,-11.46
2021.4.19,1779.36,16.31
2021.4.16,1763.05,17.84
2021.4.15,1745.21,-2.01
2021.4.14,1747.22,21.88
2021.4.13,1725.35,-15.19
2021.4.12,1740.53,-7.51
2021.4.9,1748.05,5.35
2021.4.8,1742.69,0.79
2021.4.7,1741.91,8.03
2021.4.6,1733.88,7.92
2021.4.5,1725.96,-4.62
2021.4.2,1730.59,13.62
2021.4.1,1716.97,29.7
2021.3.31,1687.27,-17.02
2021.3.30,1704.29,-22.88
2021.3.29,1727.17,-1.78
2021.3.26,1728.95,-6.1
2021.3.25,1735.06,4.09
2021.3.24,1730.96,-7.06
2021.3.23,1738.03,5
2021.3.22,1733.03,-8.5
2021.3.19,1741.53,-9.67
2021.3.18,1751.19,15.53
2021.3.17,1735.66,1.59
2021.3.16,1734.07,9.18
2021.3.15,1724.89,14.71
2021.3.12,1710.17,-24.09
2021.3.11,1734.26,20.22
2021.3.10,1714.04,20.89
2021.3.9,1693.15,-12.4
2021.3.8,1705.56,9.18
2021.3.5,1696.38,-20.18
2021.3.4,1716.56,-16.18
2021.3.3,1732.74,11.73
2021.3.2,1721.02,-42.7
2021.2.26,1763.71,-31.59
2021.2.25,1795.31,-13.83
2021.2.24,1809.13,-3.9
2021.2.23,1813.03,19.09
2021.2.22,1793.94,21.24
2021.2.19,1772.7,-11.03
2021.2.18,1783.73,-8.29
2021.2.17,1792.03,-31.5
2021.2.16,1823.52,4.07
2021.2.15,1819.45,-23.39
2021.2.10,1842.84,3.19
2021.2.9,1839.65,24.76
2021.2.8,1814.89,17.79
2021.2.5,1797.11,-26.09
2021.2.4,1823.19,-13.96
2021.2.3,1837.14,-18.65
2021.2.2,1855.8,-9.44
2021.2.1,1865.23,19.42
2021.1.29,1845.82,7.81
2021.1.28,1838.01,-11.48
2021.1.27,1849.49,-5.5
2021.1.26,1854.99,3.44
2021.1.25,1851.56,-9.12
2021.1.22,1860.68,-11.4
2021.1.21,1872.09,18.66
2021.1.20,1853.43,15.22
2021.1.19,1838.21,-0.07
2021.1.18,1838.29,-10.62
2021.1.15,1848.9,5.16
2021.1.14,1843.75,-15.83
2021.1.13,1859.58,0.36
2021.1.12,1859.21,15.25
2021.1.11,1843.96,-63.46
2021.1.8,1907.42,-18.64
2021.1.7,1926.07,-18.91
2021.1.6,1944.97,3.4
2021.1.5,1941.58,18.48
2021.1.4,1923.1,40.84
2020.12.30,1882.26,4.78
2020.12.29,1877.48,-7.79
2020.12.28,1885.27,9.07
2020.12.24,1876.19,11.6
2020.12.23,1864.6,-8.38
2020.12.22,1872.98,-31.06
2020.12.21,1904.05,22.37
2020.12.18,1881.67,11.4
2020.12.17,1870.28,12.56
2020.12.16,1857.71,19.02
2020.12.15,1838.7,5.51
2020.12.14,1833.19,-3.21
2020.12.11,1836.4,-0.81
2020.12.10,1837.21,-24.79
2020.12.9,1862,-5.86
2020.12.8,1867.86,27.25
2020.12.7,1840.61,-1.41
2020.12.4,1842.01,10.31
2020.12.3,1831.69,18.76
2020.12.2,1812.93,27.57
2020.12.1,1785.37,12.5
2020.11.30,1772.87,-36.83
2020.11.27,1809.7,-0.79
2020.11.26,1810.48,4.25
2020.11.25,1806.23,-22.27
2020.11.24,1828.5,-46.72
2020.11.23,1875.21,7.89
2020.11.20,1867.33,5.72
2020.11.19,1861.6,-18.29
2020.11.18,1879.88,-7.32
2020.11.17,1887.2,-3.04
2020.11.16,1890.24,10.24
2020.11.13,1880,9.36
2020.11.12,1870.64,-11.75
2020.11.11,1882.39,-2.85
2020.11.10,1885.24,-73.17
2020.11.9,1958.42,17.11
2020.11.6,1941.31,32.2
2020.11.5,1909.11,11.71
2020.11.4,1897.4,4.67
2020.11.3,1892.72,9.01
2020.11.2,1883.72,12.62
2020.10.30,1871.1,-13.15
2020.10.29,1884.26,-23.69
2020.10.28,1907.94,-0.74
2020.10.27,1908.68,10.1
2020.10.26,1898.59,-5.97
2020.10.23,1904.56,-13.23
2020.10.22,1917.79,-2.44
2020.10.21,1920.22,17.73
2020.10.20,1902.5,-7.09
2020.10.19,1909.59,5.97
2020.10.16,1903.62,6.05
2020.10.15,1897.56,-0.26
2020.10.14,1897.82,-18.84
2020.10.13,1916.66,-11.51
2020.10.12,1928.17,34.98
2020.10.8,1893.2,2.9
2020.10.7,1890.3,-20.07
2020.10.6,1910.38,17.15
2020.10.5,1893.22,13.75
2020.9.29,1879.47,21.63
2020.9.28,1857.85,-13.15
2020.9.25,1871,18.9
2020.9.24,1852.1,-26.53
2020.9.23,1878.63,-25.31
2020.9.22,1903.94,-47.94
2020.9.21,1951.88,-1.43
2020.9.18,1953.3,8.4
2020.9.17,1944.9,-14.74
2020.9.16,1959.64,-4.56
2020.9.15,1964.2,18.84
2020.9.14,1945.37,2.46
2020.9.11,1942.91,-0.57
2020.9.10,1943.48,17.48
2020.9.9,1926,-5
2020.9.8,1930.99,-0.87
2020.9.7,1931.87,-3.14
2020.9.4,1935.01,5.33
2020.9.3,1929.68,-35.12
2020.9.2,1964.8,-21.23
2020.9.1,1986.03,21.36
2020.8.31,1964.67,18.5
2020.8.28,1946.17,4.54
2020.8.27,1941.63,22.73
2020.8.26,1918.9,-13.81
2020.8.25,1932.71,-3.52
2020.8.24,1936.23,-7.3
2020.8.21,1943.54,-3.37
2020.8.20,1946.9,-42
2020.8.19,1988.9,-15.64
2020.8.18,2004.55,60.26
2020.8.14,1944.29,10.21
2020.8.13,1934.08,29.92
2020.8.12,1904.15,-94.36
2020.8.11,1998.51,-34.02
2020.8.10,2032.54,-26.89
2020.8.7,2059.43,8.12
2020.8.6,2051.32,20.99
2020.8.5,2030.33,57.78
2020.8.4,1972.54,-1.26
2020.8.3,1973.8,0.8
2020.7.31,1973,15.11
2020.7.30,1957.89,0.89
2020.7.29,1957,18.78
2020.7.28,1938.22,4.54
2020.7.27,1933.67,47.37
2020.7.24,1886.31,12.41
2020.7.23,1873.89,14.64
2020.7.22,1859.25,38.65
2020.7.21,1820.6,9.96
2020.7.20,1810.64,11.24
2020.7.17,1799.4,-6.96
2020.7.16,1806.37,-1.01
2020.7.15,1807.38,5.72
2020.7.14,1801.65,-4.96
2020.7.13,1806.61,9.39
2020.7.10,1797.21,-13.59
2020.7.9,1810.8,16.2
2020.7.8,1794.6,10.32
2020.7.7,1784.27,7.79
2020.7.6,1776.48,1.8
2020.7.3,1774.68,7.12
2020.7.2,1767.57,-17.18
2020.7.1,1784.74,11.84
2020.6.30,1772.9,0.01
2020.6.29,1772.89,12.29
2020.6.26,1760.6,-7.65
2020.6.25,1768.25,2.05
2020.6.24,1766.2,15.47
2020.6.23,1750.72,-1.55
2020.6.22,1752.28,20.58
2020.6.19,1731.7,4.92
2020.6.18,1726.78,-1.32
2020.6.17,1728.1,1.69
2020.6.16,1726.41,6.26
2020.6.15,1720.14,-10.38
2020.6.12,1730.53,-0.3
2020.6.11,1730.83,13.71
2020.6.10,1717.12,21.75
2020.6.9,1695.38,2.42
2020.6.8,1692.96,-16.77
2020.6.5,1709.72,9.72
2020.6.4,1700,-22.8
2020.6.3,1722.8,-13.85
2020.6.2,1736.64,-5.14
2020.6.1,1741.79,21.59
2020.5.29,1720.19,2
2020.5.28,1718.2,12.05
2020.5.27,1706.15,-25.43
2020.5.26,1731.59,5.71
2020.5.25,1725.88,-7.01
2020.5.22,1732.89,-5.4
2020.5.21,1738.29,-11.24
2020.5.20,1749.53,19
2020.5.19,1730.53,-32.22
2020.5.18,1762.74,26.93
2020.5.15,1735.81,18.91
2020.5.14,1716.9,13.16
2020.5.13,1703.73,4.04
2020.5.12,1699.7,-7.83
2020.5.11,1707.53,-9.34
2020.5.8,1716.87,31.47
2020.5.7,1685.4,-17.27
2020.5.6,1702.67,-1.66
2020.5.4,1704.34,-4.81
2020.4.29,1709.14,11.02
2020.4.28,1698.13,-20.3
2020.4.27,1718.42,-9.68
2020.4.24,1728.1,12.53
2020.4.23,1715.57,33.65
2020.4.22,1681.92,-10.26
2020.4.21,1692.18,11.49
2020.4.20,1680.68,-16.93
2020.4.17,1697.62,-25.31
2020.4.16,1722.93,11.93
2020.4.14,1711.01,20.8
2020.4.13,1690.2,5.18
2020.4.10,1685.02,32.09
2020.4.9,1652.92,4.88
2020.4.8,1648.04,-11.34
2020.4.7,1659.38,30.75
2020.4.6,1628.62,19.32
2020.4.3,1609.3,20.6
2020.4.2,1588.7,2.34
2020.4.1,1586.36,-29.34
2020.3.31,1615.7,0.32
2020.3.30,1615.38,-8.33
2020.3.27,1623.71,22
2020.3.26,1601.71,-11.14
2020.3.25,1612.85,42.14
2020.3.24,1570.71,82.99
2020.3.23,1487.72,-11.68
2020.3.20,1499.4,14.22
2020.3.19,1485.17,-22.88
2020.3.18,1508.05,23.35
2020.3.17,1484.7,-60.89
2020.3.16,1545.59,-42.8
2020.3.13,1588.39,-48.19
2020.3.12,1636.58,-26.34
2020.3.11,1662.91,2.67
2020.3.10,1660.24,-8.92
2020.3.9,1669.16,-3.58
2020.3.6,1672.74,33.46
2020.3.5,1639.29,-3.1
2020.3.4,1642.38,48.59
2020.3.3,1593.8,-10.11
2020.3.2,1603.9,-28.25
2020.2.28,1632.15,-19.3
2020.2.27,1651.45,7.25
2020.2.26,1644.2,6.87
2020.2.25,1637.34,-26.59
2020.2.24,1663.92,32.2
2020.2.21,1631.72,24.32
2020.2.20,1607.4,3.21
2020.2.19,1604.18,18.5
2020.2.18,1585.68,3.32
2020.2.17,1582.37,6.42
2020.2.14,1575.94,1.49
2020.2.13,1574.45,8.62
2020.2.12,1565.83,-2.37
2020.2.11,1568.2,-2.71
2020.2.10,1570.91,7.05
2020.2.7,1563.86,7.91
2020.2.6,1555.95,-3.57
2020.2.5,1559.53,-11.71
2020.2.4,1571.23,-8.9
2020.2.3,1580.13,6.43
2020.1.31,1573.7,-4.33
2020.1.30,1578.03,10.67
2020.1.29,1567.36,-11.78
2020.1.28,1579.14,22.26
2020.1.23,1556.88,4.24
2020.1.22,1552.64,-14.46
2020.1.21,1567.1,5.26
2020.1.20,1561.84,6.96
2020.1.17,1554.88,1.67
2020.1.16,1553.21,2.35
2020.1.15,1550.86,11.56
2020.1.14,1539.3,-15.31
2020.1.13,1554.61,7.01
2020.1.10,1547.6,6.76
2020.1.9,1540.84,-52.99
2020.1.8,1593.84,26.48
2020.1.7,1567.35,-7.29
2020.1.6,1574.64,32.58
2020.1.3,1542.07,21.57
2020.1.2,1520.49,7.03
2019.12.30,1513.46,5.04
2019.12.27,1508.43,4.83
2019.12.26,1503.6,13.11
2019.12.24,1490.49,6.99
2019.12.23,1483.51,4.46
2019.12.20,1479.05,2.83
2019.12.19,1476.22,-1.3
2019.12.18,1477.53,0.4
2019.12.17,1477.13,-0.74
2019.12.16,1477.87,11.04
2019.12.13,1466.84,-6.79
2019.12.12,1473.62,9.62
2019.12.11,1464,1.74
2019.12.10,1462.26,0.45
2019.12.9,1461.81,-10.82
2019.12.6,1472.63,-4.39
2019.12.5,1477.03,-3.59
2019.12.4,1480.62,19.93
2019.12.3,1460.68,0.6
2019.12.2,1460.09,2.06
2019.11.29,1458.03,1.43
2019.11.28,1456.6,-2.31
2019.11.27,1458.9,2.23
2019.11.26,1456.67,-2.08
2019.11.25,1458.74,-8.24
2019.11.22,1466.99,-2.81
2019.11.21,1469.8,-5.93
2019.11.20,1475.73,2.93
2019.11.19,1472.8,8.24
2019.11.18,1464.56,1.09
2019.11.15,1463.47,-2.78
2019.11.14,1466.25,3.65
2019.11.13,1462.6,11.9
2019.11.12,1450.69,-12.36
2019.11.11,1463.06,-7.59
2019.11.8,1470.65,-20.92
2019.11.7,1491.57,5.39
2019.11.6,1486.18,-18.22
2019.11.5,1504.4,-7.39
2019.11.4,1511.8,1.37
2019.11.1,1510.42,12.58
2019.10.31,1497.85,8.12
2019.10.30,1489.73,-1.72
2019.10.29,1491.45,-14.81
2019.10.28,1506.27,0.47
2019.10.25,1505.8,14.15
2019.10.24,1491.64,0.99
2019.10.23,1490.65,5.33
2019.10.22,1485.33,-6.18
2019.10.21,1491.51,1.36
2019.10.18,1490.15,-0.15
2019.10.17,1490.3,9.76
2019.10.16,1480.54,-9.11
2019.10.15,1489.65,2.01
2019.10.14,1487.64,-11.56
2019.10.11,1499.2,-6.2
2019.10.10,1505.4,14.4
2019.10.8,1491,-15.55
2019.10.7,1506.56,-1.53
2019.10.4,1508.09,32.34
2019.10.2,1475.76,13.16
2019.10.1,1462.59,-27.87
2019.9.30,1490.46,-8.58
2019.9.27,1499.04,-8.97
2019.9.26,1508.01,-20.61
2019.9.25,1528.62,7.41
2019.9.24,1521.2,6.51
2019.9.23,1514.69,9.84
2019.9.20,1504.86,8.73
2019.9.19,1496.12,-5.38
2019.9.18,1501.5,7.39
2019.9.17,1494.11,-11.96
2019.9.16,1506.07,12.14
2019.9.11,1493.92,3.04
2019.9.10,1490.88,-17.46
2019.9.9,1508.34,-1.6
2019.9.6,1509.94,-36.77
2019.9.5,1546.71,7.64
2019.9.4,1539.07,13.85
2019.9.3,1525.22,2.81
2019.9.2,1522.41,-7.09
2019.8.30,1529.51,-17.65
2019.8.29,1547.15,9.05
2019.8.28,1538.1,6.03
2019.8.27,1532.07,-9.89
2019.8.26,1541.96,46.93
2019.8.23,1495.04,-6.26
2019.8.22,1501.3,1
2019.8.21,1500.3,3.55
2019.8.20,1496.75,-12.68
2019.8.19,1509.43,-5.84
2019.8.16,1515.28,16.89
2019.8.14,1498.39,-25.49
2019.8.13,1523.88,31.43
2019.8.12,1492.44,-9.01
2019.8.9,1501.45,3.5
2019.8.8,1497.95,10.31
2019.8.7,1487.64,25.68
2019.8.6,1461.96,4.46
2019.8.5,1457.51,23.03
2019.8.2,1434.48,28.14
2019.8.1,1406.34,-25.96
2019.7.31,1432.3,6.69
2019.7.30,1425.61,6.96
2019.7.29,1418.64,1.97
2019.7.26,1416.67,-8.19
2019.7.25,1424.87,2.65
2019.7.24,1422.21,4.54
2019.7.23,1417.67,-7.86
2019.7.22,1425.53,-14.38
2019.7.19,1439.91,18.76
2019.7.18,1421.15,16.48
2019.7.17,1404.66,-8.23
2019.7.16,1412.9,-1.36
2019.7.15,1414.27,7.25
2019.7.12,1407.02,-13.68
2019.7.11,1420.69,29.07
2019.7.10,1391.62,-2.94
2019.7.9,1394.56,-9.71
2019.7.8,1404.27,-9.43
2019.7.5,1413.7,-0.74
2019.7.4,1414.44,-11.84
2019.7.3,1426.28,36.08
2019.7.2,1390.2,5.25
2019.7.1,1384.95,-24.48
2019.6.28,1409.43,6.04
2019.6.27,1403.4,-3.6
2019.6.26,1407,-21.89
2019.6.25,1428.89,25.55
2019.6.24,1403.35,11.85
2019.6.21,1391.5,8.9
2019.6.20,1382.6,37.63
2019.6.19,1344.96,-1.08
2019.6.18,1346.05,7.07
2019.6.17,1338.98,-14.84
2019.6.14,1353.83,16.93
2019.6.13,1336.9,1.07
2019.6.12,1335.83,9.69
2019.6.11,1326.14,-0.85
2019.6.10,1326.99,-3.83
2019.6.7,1330.82,-1.39
2019.6.5,1332.2,6.23
2019.6.4,1325.97,15.64
2019.6.3,1310.33,16.32
2019.5.31,1294.01,15.7
2019.5.30,1278.32,-5.75
2019.5.29,1284.07,0.18
2019.5.28,1283.89,-2.02
2019.5.27,1285.91,1.99
2019.5.24,1283.92,8.79
2019.5.23,1275.14,1.34
2019.5.22,1273.8,-0.72
2019.5.21,1274.52,-1.34
2019.5.20,1275.86,-12.04
2019.5.17,1287.9,-9.22
2019.5.16,1297.12,4.03
2019.5.15,1293.1,-4.9
2019.5.14,1298,14.87
2019.5.13,1283.13,-1.46
2019.5.10,1284.59,2.04
2019.5.9,1282.55,-4.75
2019.5.8,1287.3,6.45
2019.5.7,1280.86,9.09
2019.5.3,1271.77,0.17
2019.5.2,1271.6,-10.47
2019.4.30,1282.07,-1.78
2019.4.29,1283.85,1.93
2019.4.26,1281.92,5.01
2019.4.25,1276.91,6.01
2019.4.24,1270.89,-2.17
2019.4.23,1273.07,-4.26
2019.4.22,1277.33,5.91
2019.4.18,1271.42,-6.78
2019.4.17,1278.2,-8.44
2019.4.16,1286.63,-1.16
2019.4.15,1287.79,-6.01
2019.4.12,1293.8,-13.5
2019.4.11,1307.3,2.9
2019.4.10,1304.4,6.47
2019.4.9,1297.92,0.1
2019.4.8,1297.82,9.72
2019.4.5,1288.1,-5.33
2019.4.4,1293.43,-0.08
2019.4.3,1293.51,6.16
2019.4.2,1287.36,-2.62
2019.4.1,1289.97,2.37
2019.3.29,1287.61,-24
2019.3.28,1311.61,-5.14
2019.3.27,1316.76,-2.54
2019.3.26,1319.3,3.56
2019.3.25,1315.74,4.36
2019.3.22,1311.38,-7.62
2019.3.21,1319,13.37
2019.3.20,1305.63,-1.32
2019.3.19,1306.95,5.34
2019.3.18,1301.61,0.41
2019.3.15,1301.2,-2.35
2019.3.14,1303.55,-0.9
2019.3.13,1304.45,8.03
2019.3.12,1296.42,-1.75
2019.3.11,1298.17,5.62
2019.3.8,1292.56,7.71
2019.3.7,1284.84,-4.17
2019.3.6,1289.01,0.94
2019.3.5,1288.07,-6.58
2019.3.4,1294.64,-25.05
2019.2.28,1319.7,-7.05
2019.2.27,1326.75,-1.09
2019.2.26,1327.84,-3.83
2019.2.25,1331.67,6.29
2019.2.22,1325.38,-13.01
2019.2.21,1338.39,-3.25
2019.2.20,1341.64,18.2
2019.2.19,1323.44,0.27
2019.2.18,1323.17,9.01
2019.2.15,1314.16,5.82
2019.2.14,1308.35,-5.04
2019.2.13,1313.39,1.98
2019.2.12,1311.41,-0.38
2019.2.11,1311.79,2.76
2019.2.8,1309.03,4.06
2019.2.7,1304.96,-13.34
2019.2.1,1318.3,-1.38
2019.1.31,1319.68,4.37
2019.1.30,1315.31,9.22
2019.1.29,1306.09,4.8
2019.1.28,1301.29,17.63
2019.1.25,1283.66,2.44
2019.1.24,1281.22,-2.58
2019.1.23,1283.8,4.44
2019.1.22,1279.36,-3.79
2019.1.21,1283.15,-8.59
2019.1.18,1291.73,-0.86
2019.1.17,1292.6,1.3
2019.1.16,1291.3,0.7
2019.1.15,1290.6,-0.08
2019.1.14,1290.68,-1.61
2019.1.11,1292.29,-3.09
2019.1.10,1295.38,12.41
2019.1.9,1282.96,-0.53
2019.1.8,1283.49,-6.16
2019.1.7,1289.65,-4.95
2019.1.4,1294.6,3.02
2019.1.3,1291.59,4.95
2019.1.2,1286.64,6.14
2018.12.28,1280.5,12
2018.12.27,1268.5,-5.51
2018.12.26,1274.01,11.69
2018.12.24,1262.32,3.1
2018.12.21,1259.21,12.31
2018.12.20,1246.9,-3.47
2018.12.19,1250.37,4.21
2018.12.18,1246.16,8.09
2018.12.17,1238.07,-1.63
2018.12.14,1239.7,-5.84
2018.12.13,1245.54,2.17
2018.12.12,1243.38,-2.85
2018.12.11,1246.23,-3.02
2018.12.10,1249.26,10.11
2018.12.7,1239.15,2.25
2018.12.6,1236.9,0.93
2018.12.5,1235.97,-1.81
2018.12.4,1237.79,10.51
2018.12.3,1227.28,2.69
2018.11.30,1224.58,-0.78
2018.11.29,1225.36,10.85
2018.11.28,1214.51,-6.01
2018.11.27,1220.52,-4.37
2018.11.26,1224.88,-2.1
2018.11.23,1226.98,-0.42
2018.11.22,1227.4,5.4
2018.11.21,1222,-2.08
2018.11.20,1224.09,4.45
2018.11.19,1219.64,4.52
2018.11.16,1215.12,2.77
2018.11.15,1212.35,8.81
2018.11.14,1203.54,0.71
2018.11.13,1202.82,-3.76
2018.11.12,1206.58,-13.36
2018.11.9,1219.93,-5.54
2018.11.8,1225.47,-3.42
2018.11.7,1228.89,-1.84
2018.11.6,1230.73,-1.91
2018.11.5,1232.64,-0.17
2018.11.2,1232.82,11.22
2018.11.1,1221.6,4.06
2018.10.31,1217.54,-8.96
2018.10.30,1226.5,-6.12
2018.10.29,1232.62,0.71
2018.10.26,1231.9,-5.12
2018.10.25,1237.03,5.42
2018.10.24,1231.61,3.15
2018.10.23,1228.46,1.49
2018.10.22,1226.97,-1.86
2018.10.19,1228.84,9.77
2018.10.18,1219.07,-4.29
2018.10.17,1223.36,-3.54
2018.10.16,1226.9,3.42
2018.10.15,1223.47,7
2018.10.12,1216.48,22.18
2018.10.11,1194.3,4.64
2018.10.10,1189.65,-6.83
2018.10.8,1196.48,-3.06
2018.10.5,1199.55,1.52
2018.10.4,1198.03,4.24
2018.10.2,1193.79,6.84
2018.10.1,1186.94,4.78
2018.9.28,1182.17,-13.23
2018.9.27,1195.4,-14.03
2018.9.21,1209.43,4.37
2018.9.20,1205.07,1.93
2018.9.19,1203.14,3.38
2018.9.18,1199.77,3.59
2018.9.17,1196.17,-9.86
2018.9.14,1206.04,0.84
2018.9.13,1205.19,10.16
2018.9.12,1195.04,-1.27
2018.9.11,1196.31,2.89
2018.9.10,1193.41,-7.45
2018.9.7,1200.87,3.98
2018.9.6,1196.89,3.73
2018.9.5,1193.16,-3.04
2018.9.4,1196.2,-4.15
2018.9.3,1200.35,-3.35
2018.8.31,1203.7,1.74
2018.8.30,1201.96,0.06
2018.8.29,1201.9,-8.26
2018.8.28,1210.16,4.77
2018.8.27,1205.39,16.64
2018.8.24,1188.75,-3.22
2018.8.23,1191.97,-1.33
2018.8.22,1193.3,-1.5
2018.8.21,1194.8,8
2018.8.20,1186.81,11.88
2018.8.17,1174.93,-1.34
2018.8.16,1176.28,-18.93
2018.8.14,1195.2,-13.6
2018.8.13,1208.8,0.55
2018.8.10,1208.26,-6.05
2018.8.9,1214.31,0.81
2018.8.8,1213.5,1
2018.8.7,1212.5,-1.09
2018.8.6,1213.6,7.41
2018.8.3,1206.18,-13.1
2018.8.2,1219.29,-1.81
2018.8.1,1221.1,-0.52
2018.7.31,1221.62,1.63
2018.7.30,1219.98,-3.71
2018.7.27,1223.7,-5.5
2018.7.26,1229.2,2.03
2018.7.25,1227.17,7.37
2018.7.24,1219.8,-11.02
2018.7.23,1230.82,7.82
2018.7.20,1223,-0.5
2018.7.19,1223.5,-0.63
2018.7.18,1224.13,-18.27
2018.7.17,1242.4,-2.15
2018.7.16,1244.55,-1.25
2018.7.13,1245.8,2.1
2018.7.12,1243.69,-8.9
2018.7.11,1252.6,-4.4
2018.7.10,1257,-4
2018.7.9,1261,4.99
2018.7.6,1256.01,-0.59
2018.7.5,1256.6,-2.65
2018.7.4,1259.24,18.64
2018.7.3,1240.6,-8.48
2018.7.2,1249.08,-2.42
2018.6.29,1251.5,1.2
2018.6.28,1250.3,-5.6
2018.6.27,1255.9,-8.2
2018.6.26,1264.1,-1.74
2018.6.25,1265.84,-4.07
2018.6.22,1269.9,6.22
2018.6.21,1263.67,-10.32
2018.6.20,1274,-6.4
2018.6.19,1280.4,1.06
2018.6.18,1279.34,-20.41
2018.6.15,1299.74,-1.61
2018.6.14,1301.36,3.86
2018.6.12,1297.5,-0.43
2018.6.11,1297.93,2.71
2018.6.8,1295.22,-1.98
2018.6.7,1297.2,5.38
2018.6.5,1291.83,0.32
2018.6.4,1291.51,-6.87
2018.6.1,1298.38,-6.79
2018.5.31,1305.16,8.16
2018.5.30,1297,-0.67
2018.5.29,1297.67,1
2018.5.28,1296.67,-6.22
2018.5.25,1302.89,7.81
2018.5.24,1295.09,4.56
2018.5.23,1290.53,6.3
2018.5.21,1284.22,-5.13
2018.5.18,1289.36,-0.24
2018.5.17,1289.6,-4.45
2018.5.16,1294.05,-17.18
2018.5.15,1311.22,-9.23
2018.5.14,1320.46,0.81
2018.5.11,1319.64,6.09
2018.5.10,1313.55,4.38
2018.5.9,1309.16,-4.96
2018.5.8,1314.12,1.8
2018.5.4,1312.33,2.76
2018.5.3,1309.57,-0.73
2018.5.2,1310.3,-8.18
2018.4.30,1318.47,1.77
2018.4.27,1316.7,-7.72
2018.4.26,1324.42,-1.15
2018.4.25,1325.57,-1.37
2018.4.24,1326.93,-6.71
2018.4.23,1333.64,-10.35
2018.4.20,1343.99,-9.43
2018.4.19,1353.42,7.98
2018.4.18,1345.44,-1.67
2018.4.17,1347.11,3.79
2018.4.16,1343.32,5.82
2018.4.13,1337.5,-13.87
2018.4.12,1351.37,6.46
2018.4.11,1344.9,11.39
2018.4.10,1333.51,1.91
2018.4.9,1331.6,6.17
2018.4.6,1325.43,-0.81
2018.4.5,1326.25,-7.98
2018.4.4,1334.23,-6.57
2018.4.3,1340.8,10.9
2018.4.2,1329.9,4.61
2018.3.29,1323.79,-17.21
2018.3.28,1340.99,-15.15
2018.3.27,1356.15,12.14
2018.3.26,1344.01,1.01
2018.3.23,1343,12.54
2018.3.22,1330.46,16.3
2018.3.21,1314.16,-2.49
2018.3.20,1316.65,7.02
2018.3.19,1309.63,-8.4
2018.3.16,1318.04,-8.06
2018.3.15,1326.1,0.63
2018.3.14,1325.47,5.45
2018.3.13,1320.03,-3.06
2018.3.12,1323.09,4.23
2018.3.9,1318.86,-9.36
2018.3.8,1328.21,-6.18
2018.3.7,1334.4,11.3
2018.3.6,1323.1,-2.87
2018.3.5,1325.97,8.32
2018.3.2,1317.65,-0.71
2018.2.28,1318.36,-14.52
2018.2.27,1332.88,-6.12
2018.2.26,1338.99,11.45
2018.2.23,1327.55,4.46
2018.2.22,1323.09,-4.89
2018.2.21,1327.97,-11.96
2018.2.20,1339.94,-7.13
2018.2.19,1347.08,12.88
2018.2.14,1334.2,8.61
2018.2.13,1325.59,2.29
2018.2.12,1323.31,4.35
2018.2.9,1318.95,8.19
2018.2.8,1310.77,-19.2
2018.2.7,1329.96,-13.34
2018.2.6,1343.3,11.05
2018.2.5,1332.24,-15.16
2018.2.2,1347.41,5.16
2018.2.1,1342.26,-2.26
2018.1.31,1344.52,9.02
2018.1.30,1335.5,-12.3
2018.1.29,1347.81,-6.71
2018.1.26,1354.52,-10.58
2018.1.25,1365.1,22.04
2018.1.24,1343.06,5.96
2018.1.23,1337.1,5.67
2018.1.22,1331.42,-1.07
2018.1.19,1332.5,4.26
2018.1.18,1328.23,-7.11
2018.1.17,1335.34,-5.76
2018.1.16,1341.1,-1.34
2018.1.15,1342.44,13.29
2018.1.12,1329.15,10.81
2018.1.11,1318.34,8.64
2018.1.10,1309.7,-8.69
2018.1.9,1318.39,-0.29
2018.1.8,1318.68,0.78
2018.1.5,1317.9,7.54
2018.1.4,1310.36,-3.74
2018.1.3,1314.1,5.1
2018.1.2,1309,17.04
2017.12.28,1291.96,9.36
2017.12.27,1282.61,4.16
2017.12.26,1278.45,11.43
2017.12.22,1267.02,1.24
2017.12.21,1265.78,2.24
2017.12.20,1263.54,-0.26
2017.12.19,1263.8,7.29
2017.12.18,1256.51,1.28
2017.12.15,1255.23,-2.47
2017.12.14,1257.7,13.54
2017.12.13,1244.16,-1.33
2017.12.12,1245.5,-4.35
2017.12.11,1249.85,0.51
2017.12.8,1249.34,-8.16
2017.12.7,1257.5,-10.2
2017.12.6,1267.7,-7.41
2017.12.5,1275.11,0.56
2017.12.4,1274.54,-1.76
2017.12.1,1276.3,-7.29
2017.11.30,1283.6,-12.04
2017.11.29,1295.63,1.43
2017.11.28,1294.2,3.6
2017.11.27,1290.6,-0.35
2017.11.24,1290.95,0.9
2017.11.23,1290.06,6.96
2017.11.22,1283.1,2.53
2017.11.21,1280.57,-10.96
2017.11.20,1291.54,9.23
2017.11.17,1282.3,4.92
2017.11.16,1277.38,-3.63
2017.11.15,1281.01,4.54
2017.11.14,1276.47,-0.43
2017.11.13,1276.9,-8.51
2017.11.10,1285.41,1.41
2017.11.9,1284,6.92
2017.11.8,1277.08,-2.08
2017.11.7,1279.16,10.1
2017.11.6,1269.06,-7.32
2017.11.3,1276.38,-1.88
2017.11.2,1278.26,2.67
2017.11.1,1275.58,-1.42
2017.10.31,1277,7.12
2017.10.30,1269.88,4.78
2017.10.27,1265.1,-15.9
2017.10.26,1281,7.88
2017.10.25,1273.12,-8.27
2017.10.24,1281.38,4.76
2017.10.23,1276.62,-6.72
2017.10.20,1283.34,3.64
2017.10.19,1279.7,-4.05
2017.10.18,1283.76,-5.95
2017.10.17,1289.7,-14.9
2017.10.16,1304.6,6.69
2017.10.13,1297.91,3.11
2017.10.12,1294.8,5.45
2017.10.11,1289.35,1.65
2017.10.10,1287.7,0.34
2017.9.29,1287.37,7.21
2017.9.28,1280.15,-12.52
2017.9.27,1292.67,-16.34
2017.9.26,1309.01,16.74
2017.9.25,1292.27,-4.53
2017.9.22,1296.79,0.57
2017.9.21,1296.21,-16.84
2017.9.20,1313.06,5.04
2017.9.19,1308.02,-7.92
2017.9.18,1315.93,-14.66
2017.9.15,1330.6,8.81
2017.9.14,1321.79,-8.72
2017.9.13,1330.51,4.13
2017.9.12,1326.37,-8.28
2017.9.11,1334.64,-18.75
2017.9.8,1353.4,18.5
2017.9.7,1334.9,-3.58
2017.9.6,1338.49,2.85
2017.9.5,1335.64,-1.47
2017.9.4,1337.12,17.83
2017.9.1,1319.29,15.84
2017.8.31,1303.45,-4.21
2017.8.30,1307.66,-11.26
2017.8.29,1318.92,21.32
2017.8.28,1297.6,10.62
2017.8.25,1286.98,-1.12
2017.8.24,1288.1,0.99
2017.8.23,1287.11,0.93
2017.8.22,1286.18,-0.35
2017.8.21,1286.54,-1.51
2017.8.18,1288.05,0.27
2017.8.17,1287.79,16.66
2017.8.16,1271.12,-15.5
2017.8.14,1286.62,1.66
2017.8.11,1284.97,6.32
2017.8.10,1278.65,12.86
2017.8.9,1265.8,5.72
2017.8.8,1260.07,1.81
2017.8.7,1258.26,-11.14
2017.8.4,1269.4,7.04
2017.8.3,1262.36,-3.99
2017.8.2,1266.35,-3.02
2017.8.1,1269.38,1.46
2017.7.31,1267.92,9.01
2017.7.28,1258.91,-3.88
2017.7.27,1262.8,18.18
2017.7.26,1244.62,-12.38
2017.7.25,1257,3.96
2017.7.24,1253.04,6.59
2017.7.21,1246.44,7.41
2017.7.20,1239.04,-0.9
2017.7.19,1239.93,3
2017.7.18,1236.93,7.07
2017.7.17,1229.86,11.35
2017.7.14,1218.51,-5.22
2017.7.13,1223.73,4.96
2017.7.12,1218.77,7.27
2017.7.11,1211.5,5.07
2017.7.10,1206.43,-15.68
2017.7.7,1222.11,-2.83
2017.7.6,1224.93,-1.11
2017.7.5,1226.05,0.62
2017.7.4,1225.42,-10.89
2017.7.3,1236.32,-7.77
2017.6.30,1244.09,-7.17
2017.6.29,1251.27,-0.45
2017.6.28,1251.71,1.55
2017.6.27,1250.15,-4.5
2017.6.26,1254.65,0.9
2017.6.23,1253.75,0.55
2017.6.22,1253.2,7.65
2017.6.21,1245.55,-0.89
2017.6.20,1246.43,-5.51
2017.6.19,1251.95,-1.75
2017.6.16,1253.69,-8.54
2017.6.15,1262.23,-6.53
2017.6.14,1268.76,2.46
2017.6.13,1266.31,-1.15
2017.6.12,1267.45,-6.18
2017.6.9,1273.63,-13.82
2017.6.8,1287.45,-5.2
2017.6.7,1292.65,13.09
2017.6.5,1279.57,19.16
2017.6.2,1260.4,-5.93
2017.6.1,1266.34,4.28
2017.5.31,1262.06,-6.41
2017.5.30,1268.46,1.17
2017.5.29,1267.3,8.53
2017.5.26,1258.77,0.52
2017.5.25,1258.24,8.8
2017.5.24,1249.44,-12.21
2017.5.23,1261.65,7.26
2017.5.22,1254.38,2.59
2017.5.19,1251.8,-5.57
2017.5.18,1257.36,13.46
2017.5.17,1243.89,8.8
2017.5.16,1235.09,2.89
2017.5.15,1232.2,4.24
2017.5.12,1227.96,5.92
2017.5.11,1222.05,0.47
2017.5.10,1221.58,-9.07
2017.5.8,1230.65,-3.88
2017.5.4,1234.53,-21.73
2017.5.2,1256.26,-9.53
2017.4.28,1265.79,1.63
2017.4.27,1264.15,0.23
2017.4.26,1263.93,-8.72
2017.4.25,1272.65,1.63
2017.4.24,1271.02,-8.9
2017.4.21,1279.92,0.6
2017.4.20,1279.32,-4.92
2017.4.19,1284.24,0.79
2017.4.18,1283.46,-4.49
2017.4.17,1287.95,0.52
2017.4.14,1287.43,2.62
2017.4.13,1284.81,9.99
2017.4.12,1274.82,17.98
2017.4.11,1256.83,2.16
2017.4.10,1254.67,-9.39
2017.4.7,1264.06,10.78
2017.4.6,1253.29,-2.31
2017.4.5,1255.59,-1.5
2017.4.4,1257.1,10.41
2017.4.3,1246.68,3.99
2017.3.31,1242.69,-8.68
2017.3.30,1251.38,1.7
2017.3.29,1249.68,-2.55
2017.3.28,1252.23,-6.37
2017.3.27,1258.6,16.04
2017.3.24,1242.57,-4.82
2017.3.23,1247.38,-0.61
2017.3.22,1248,18.53
2017.3.21,1229.47,-5.27
2017.3.20,1234.74,6.82
2017.3.17,1227.92,0.87
2017.3.16,1227.06,22.79
2017.3.15,1204.27,1.98
2017.3.14,1202.29,-7.23
2017.3.13,1209.52,11.24
2017.3.10,1198.28,-6.11
2017.3.9,1204.38,-13.2
2017.3.8,1217.58,-8.34
2017.3.7,1225.92,-7.17
2017.3.6,1233.1,0.65
2017.3.3,1232.45,-12.63
2017.3.2,1245.08,-8.72
2017.2.28,1253.8,-3.18
2017.2.27,1256.98,4.33
2017.2.24,1252.65,15.98
2017.2.23,1236.67,2.82
2017.2.22,1233.85,-0.57
2017.2.21,1234.42,1.03
2017.2.20,1233.39,-4.16
2017.2.17,1237.55,4.58
2017.2.16,1232.97,6.84
2017.2.15,1226.13,-3.56
2017.2.14,1229.7,-1.7
2017.2.13,1231.4,7.41
2017.2.10,1223.99,-16.32
2017.2.9,1240.31,8.29
2017.2.8,1232.02,-1.58
2017.2.7,1233.61,9.3
2017.2.6,1224.3,10.84
2017.2.3,1213.46,-1.27
2017.2.2,1214.73,6.72
2017.2.1,1208.02,7.51
2017.1.31,1200.51,3.75
2017.1.26,1196.75,-6.8
2017.1.25,1203.56,-11.43
2017.1.24,1214.98,-1.82
2017.1.23,1216.8,9.18
2017.1.20,1207.62,5.8
2017.1.19,1201.82,-11.53
2017.1.18,1213.35,2.66
2017.1.17,1210.69,3.59
2017.1.16,1207.1,11.4
2017.1.13,1195.69,-3.7
2017.1.12,1199.39,9.99
2017.1.11,1189.4,2
2017.1.10,1187.4,13.69
2017.1.9,1173.71,-1.63
2017.1.6,1175.35,-2.9
2017.1.5,1178.24,15.89
2017.1.4,1162.36,4.18
2017.1.3,1158.17,6.28
2017.1.2,1151.89,2.59
2016.12.29,1149.31,5.54
2016.12.28,1143.77,3.98
2016.12.27,1139.79,8.06
2016.12.23,1131.73,1.25
2016.12.22,1130.48,-6.52
2016.12.21,1137.01,1.62
2016.12.20,1135.38,-5.88
2016.12.19,1141.27,7.57
2016.12.16,1133.7,-7.92
2016.12.15,1141.62,-20.29
2016.12.14,1161.91,0.51
2016.12.13,1161.4,3.83
2016.12.12,1157.58,-11.93
2016.12.9,1169.5,-6.88
2016.12.8,1176.38,8.82
2016.12.7,1167.56,-3.55
2016.12.6,1171.11,-5.1
2016.12.5,1176.21,2.48
2016.12.2,1173.72,-2.08
2016.12.1,1175.8,-14.05
2016.11.30,1189.85,-2.33
2016.11.29,1192.18,0.17
2016.11.28,1192.02,11.77
2016.11.25,1180.25,-6.12
2016.11.24,1186.37,-26.88
2016.11.23,1213.24,-3.91
2016.11.22,1217.15,3.65
2016.11.21,1213.5,4.59
2016.11.18,1208.91,-17.23
2016.11.17,1226.14,-5.13
2016.11.16,1231.28,4.67
2016.11.15,1226.6,6.99
2016.11.14,1219.61,-41.8
2016.11.11,1261.4,-26.34
2016.11.10,1287.75,-34.94
2016.11.9,1322.68,39.47
2016.11.8,1283.21,-6.32
2016.11.7,1289.54,-6.68
2016.11.4,1296.21,-5.18
2016.11.3,1301.4,8.61
2016.11.2,1292.79,13.59
2016.11.1,1279.2,2.56
2016.10.31,1276.64,7.85
2016.10.28,1268.79,0.2
2016.10.27,1268.59,-6.75
2016.10.26,1275.34,8.29
2016.10.25,1267.04,0.34
2016.10.24,1266.7,2.94
2016.10.21,1263.77,-6.67
2016.10.20,1270.43,8.43
2016.10.19,1262,0.49
2016.10.18,1261.51,6.01
2016.10.17,1255.5,-1
2016.10.14,1256.5,-3.5
2016.10.13,1260,4.43
2016.10.12,1255.57,-5.92
2016.10.11,1261.48,-3.12
2016.10.10,1264.6,12.32
2016.10.7,1252.28,-13.87
2016.10.6,1266.14,-6.73
2016.10.5,1272.88,-37.83
2016.10.4,1310.7,-12.94
2016.9.30,1323.63,1.1
2016.9.29,1322.53,-2.29
2016.9.28,1324.82,-9.84
2016.9.27,1334.65,-0.1
2016.9.26,1334.74,-0.15
2016.9.23,1334.9,1.76
2016.9.22,1333.14,14.27
2016.9.21,1318.87,2.57
2016.9.20,1316.3,0.21
2016.9.19,1316.09,-12.54
2016.9.13,1328.63,-0.56
2016.9.12,1329.19,-6.39
2016.9.9,1335.58,-11.7
2016.9.8,1347.28,-3.98
2016.9.7,1351.26,24.16
2016.9.6,1327.1,0.9
2016.9.5,1326.2,16.16
2016.9.2,1310.04,2.11
2016.9.1,1307.93,-4.96
2016.8.31,1312.89,-8.5
2016.8.30,1321.39,3.69
2016.8.29,1317.7,-6.4
2016.8.26,1324.1,-2.16
2016.8.25,1326.26,-10.71
2016.8.24,1336.97,-2.54
2016.8.23,1339.52,5.95
2016.8.22,1333.57,-14.72
2016.8.19,1348.29,-3.65
2016.8.18,1351.94,9.54
2016.8.17,1342.4,-7.1
2016.8.16,1349.5,9.86
2016.8.12,1339.64,-3.25
2016.8.11,1342.89,-11.36
2016.8.10,1354.25,21.73
2016.8.9,1332.52,-1.48
2016.8.8,1333.99,-30.25
2016.8.5,1364.24,13.22
2016.8.4,1351.02,-14.29
2016.8.3,1365.31,12.78
2016.8.2,1352.54,4.95
2016.8.1,1347.59,12.59
2016.7.29,1335,-5.3
2016.7.28,1340.3,21.77
2016.7.27,1318.54,-0.86
2016.7.26,1319.4,1.23
2016.7.25,1318.17,-6.64
2016.7.22,1324.82,7.61
2016.7.21,1317.21,-12.69
2016.7.20,1329.9,2.56
2016.7.19,1327.34,-2.26
2016.7.18,1329.6,-2.8
2016.7.15,1332.4,-2.35
2016.7.14,1334.74,-3.65
2016.7.13,1338.4,-15.6
2016.7.12,1354,-8.86
2016.7.11,1362.86,4.71
2016.7.8,1358.14,-10.4
2016.7.7,1368.55,-0.75
2016.7.6,1369.3,26.09
2016.7.5,1343.21,-9.5
2016.7.4,1352.71,20.7
2016.7.1,1332.01,15.62
2016.6.30,1316.38,-4.41
2016.6.29,1320.8,2.92
2016.6.28,1317.87,-9.87
2016.6.27,1327.74,9.53
2016.6.24,1318.21,50.69
2016.6.23,1267.53,3.5
2016.6.22,1264.02,-19.8
2016.6.21,1283.82,-0.78
2016.6.20,1284.6,1.15
2016.6.17,1283.44,-24.67
2016.6.16,1308.12,22.23
2016.6.15,1285.88,7.4
2016.6.14,1278.48,-3.67
2016.6.13,1282.15,16.34
2016.6.10,1265.82,3.96
2016.6.9,1261.86,12.01
2016.6.8,1249.86,7.12
2016.6.7,1242.73,31.34
2016.6.3,1211.4,-3.02
2016.6.2,1214.42,-1.09
2016.6.1,1215.51,3.01
2016.5.31,1212.5,10.88
2016.5.30,1201.62,-20.08
2016.5.27,1221.7,-6.77
2016.5.26,1228.47,4.01
2016.5.25,1224.46,-20.91
2016.5.24,1245.38,-5.31
2016.5.23,1250.68,-3.6
2016.5.20,1254.29,-0.32
2016.5.19,1254.61,-18.52
2016.5.18,1273.13,-2.25
2016.5.17,1275.38,-4.71
2016.5.16,1280.09,6.33
2016.5.13,1273.75,1.6
2016.5.12,1272.15,-1.5
2016.5.11,1273.64,8.05
2016.5.10,1265.6,-16.59
2016.5.9,1282.18,1.35
2016.5.4,1280.83,-10.36
2016.5.3,1291.19,-2.35
2016.5.2,1293.55,20.64
2016.4.29,1272.9,18.26
2016.4.28,1254.64,10.69
2016.4.27,1243.95,7.3
2016.4.26,1236.65,1.9
2016.4.25,1234.75,-12.6
2016.4.22,1247.35,-8.2
2016.4.21,1255.55,6.45
2016.4.20,1249.11,14.76
2016.4.19,1234.35,-1.18
2016.4.18,1235.53,4.38
2016.4.15,1231.15,-3.67
2016.4.14,1234.82,-20.57
2016.4.12,1255.39,6.29
2016.4.11,1249.1,12.15
2016.4.8,1236.95,8.44
2016.4.7,1228.52,-0.04
2016.4.6,1228.55,1.11
2016.4.5,1227.43,10.09
2016.4.4,1217.35,-14.6
2016.4.1,1231.95,4.26
2016.3.31,1227.69,-10.46
2016.3.30,1238.15,18.9
2016.3.29,1219.25,3.85
2016.3.28,1215.4,-3.61
2016.3.24,1219.01,-16.64
2016.3.23,1235.65,-11
2016.3.22,1246.65,0.68
2016.3.21,1245.97,-18
2016.3.18,1263.97,5.95
2016.3.17,1258.03,24.83
2016.3.16,1233.19,4.8
2016.3.15,1228.39,-28
2016.3.14,1256.39,-18.2
2016.3.11,1274.6,27.25
2016.3.10,1247.35,-8.6
2016.3.9,1255.94,-13.16
2016.3.8,1269.11,5.75
2016.3.7,1263.36,1.8
2016.3.4,1261.56,21.81
2016.3.3,1239.75,12.1
2016.3.2,1227.65,-0.6
2016.2.29,1228.25,-10
2016.2.26,1238.25,2.9
2016.2.25,1235.35,7.79
2016.2.24,1227.57,11.88
2016.2.23,1215.68,-2.06
2016.2.22,1217.74,-8.54
2016.2.19,1226.28,17.29
2016.2.18,1208.99,2.09
2016.2.17,1206.9,10.18
2016.2.16,1196.72,-22.77
2016.2.15,1219.5,-21.75
2016.2.12,1241.25,33.7
2016.2.11,1207.55,51.91
2016.2.5,1155.63,12.96
2016.2.4,1142.67,13.87
2016.2.3,1128.8,3.15
2016.2.2,1125.65,3.85
2016.2.1,1121.8,7.55
2016.1.29,1114.25,-4.01
2016.1.28,1118.26,-2.14
2016.1.27,1120.4,7.07
2016.1.26,1113.33,13.01
2016.1.25,1100.33,1.88
2016.1.22,1098.45,-4
2016.1.21,1102.45,11.01
2016.1.20,1091.44,2.71
2016.1.19,1088.74,-1.61
2016.1.18,1090.36,8.53
2016.1.15,1081.83,-9.53
2016.1.14,1091.35,6.6
2016.1.13,1084.75,-11.29
2016.1.12,1096.04,-10.36
2016.1.11,1106.4,2.7
2016.1.8,1103.7,3.95
2016.1.7,1099.75,20.48
2016.1.6,1079.27,1.41
2016.1.5,1077.86,9.61
2016.1.4,1068.25,-2.66
2015.12.30,1070.91,-3
2015.12.29,1073.91,0.02
2015.12.28,1073.89,-0.46
2015.12.24,1074.35,-0.68
2015.12.23,1075.03,-3.52
2015.12.22,1078.55,9.62
2015.12.21,1068.92,11.59
2015.12.18,1057.34,-9.68
2015.12.17,1067.02,1.93
2015.12.16,1065.09,1.38
2015.12.15,1063.71,-11.44
2015.12.14,1075.15,5.62
2015.12.11,1069.54,-3.17
2015.12.10,1072.7,-4.04
2015.12.9,1076.74,3.62
2015.12.8,1073.12,-11.59
2015.12.7,1084.7,21.95
2015.12.4,1062.75,9.44
2015.12.3,1053.31,-14.47
2015.12.2,1067.78,-4.69
2015.12.1,1072.47,16.59
2015.11.30,1055.88,-12.55
2015.11.27,1068.44,-4.84
2015.11.26,1073.29,-5.46
2015.11.25,1078.75,7.03
2015.11.24,1071.72,1.22
2015.11.23,1070.51,-15.45
2015.11.20,1085.95,8.04
2015.11.19,1077.9,6.82
2015.11.18,1071.09,-7.37
2015.11.17,1078.45,-17.2
2015.11.16,1095.65,13.47
2015.11.13,1082.18,-6.22
2015.11.12,1088.4,-3.65
2015.11.11,1092.05,-0.74
2015.11.10,1092.79,-1.02
2015.11.9,1093.82,-15.73
2015.11.6,1109.55,-0.3
2015.11.5,1109.85,-11.03
2015.11.4,1120.88,-17.17
2015.11.3,1138.05,-3.9
2015.11.2,1141.95,-6.5
2015.10.30,1148.45,-13.12
2015.10.29,1161.58,-9.38
2015.10.28,1170.95,5.51
2015.10.27,1165.43,-0.32
2015.10.26,1165.75,-3.6
2015.10.23,1169.35,3.4
2015.10.22,1165.95,-10.82
2015.10.21,1176.77,5.02
2015.10.20,1171.75,-1.5
2015.10.19,1173.26,-4.75
2015.10.16,1178.01,-7.56
2015.10.15,1185.57,11.62
2015.10.14,1173.95,17.79
2015.10.13,1156.16,-8.29
2015.10.12,1164.45,21.75
2015.10.8,1142.7,-9.3
2015.10.7,1152.01,14.59
2015.10.6,1137.42,2.75
2015.10.5,1134.67,23.93
2015.10.2,1110.74,-1.91
2015.10.1,1112.64,-13.71
2015.9.30,1126.35,-21.57
2015.9.25,1147.92,13.22
2015.9.24,1134.7,7.86
2015.9.23,1126.85,-7.34
2015.9.22,1134.18,-5.49
2015.9.21,1139.67,9.71
2015.9.18,1129.96,9.78
2015.9.17,1120.18,14.99
2015.9.16,1105.18,-3.46
2015.9.15,1108.65,0.94
2015.9.14,1107.71,-3.44
2015.9.11,1111.15,4.3
2015.9.10,1106.85,-16.1
2015.9.9,1122.95,3.63
2015.9.8,1119.32,-4.24
2015.9.7,1123.55,-1.79
2015.9.4,1125.35,-7.75
2015.9.3,1133.09,-8.85
2015.9.2,1141.94,-0.52
2015.9.1,1142.45,8.61
2015.8.31,1133.85,2.3
2015.8.28,1131.55,4.35
2015.8.27,1127.2,-9.45
2015.8.26,1136.65,-16.2
2015.8.25,1152.86,-1.29
2015.8.24,1154.15,-9.3
2015.8.21,1163.45,23.91
2015.8.20,1139.54,20.8
2015.8.19,1118.74,0.29
2015.8.18,1118.45,0.14
2015.8.17,1118.31,3.35
2015.8.13,1121.85,9.08
2015.8.12,1112.77,10.79
2015.8.11,1101.98,5.55
2015.8.10,1096.43,7.37
2015.8.7,1089.06,2.56
2015.8.6,1086.5,-0.25
2015.8.5,1086.75,-1.3
2015.8.4,1088.05,-7.5
2015.8.3,1095.55,11
2015.7.31,1084.55,-3.85
2015.7.30,1088.4,-10.05
2015.7.29,1098.45,1.45
2015.7.28,1097,-2.75
2015.7.27,1099.75,13.99
2015.7.24,1085.76,-12.36
2015.7.23,1098.12,1.44
2015.7.22,1096.68,-5.16
2015.7.21,1101.84,-7.72
2015.7.20,1109.56,-35.31
2015.7.17,1144.87,-2.22
2015.7.16,1147.09,-7.56
2015.7.15,1154.65,-0.4
2015.7.14,1155.05,-4.96
2015.7.13,1160.01,-3.32
2015.7.10,1163.33,-1.34
2015.7.9,1164.67,13.8
2015.7.8,1150.87,-17.68
2015.7.7,1168.55,2.25
2015.7.6,1166.3,-1.55
2015.7.3,1167.85,2.83
2015.7.2,1165.03,-8.55
2015.7.1,1173.58,-3.92
2015.6.30,1177.51,-6.95
2015.6.29,1184.45,10.1
2015.6.26,1174.35,-3.33
2015.6.25,1177.68,-0.67
2015.6.24,1178.35,-7.64
2015.6.23,1185.99,-11.26
2015.6.22,1197.25,-4.15
2015.6.19,1201.4,13.35
2015.6.18,1188.05,7.77
2015.6.17,1180.28,-3.97
2015.6.16,1184.25,3.54
2015.6.15,1180.71,-1.15
2015.6.12,1181.86,-3.94
2015.6.11,1185.8,4.84
2015.6.10,1180.95,3.15
2015.6.9,1177.8,4.95
2015.6.8,1172.86,-5
2015.6.5,1177.85,-6
2015.6.4,1183.85,-8.6
2015.6.3,1192.45,4.3
2015.6.2,1188.15,-2.9
2015.6.1,1191.05,2.1
2015.5.29,1188.95,1.01
2015.5.28,1187.94,-1.43
2015.5.27,1189.37,-13.98
2015.5.26,1203.35,-5.7
2015.5.22,1209.05,-1.09
2015.5.21,1210.14,4.79
2015.5.20,1205.35,-16.9
2015.5.19,1222.25,-7.48
2015.5.18,1229.73,11.63
2015.5.15,1218.1,2.85
2015.5.14,1215.25,22.43
2015.5.13,1192.82,9.97
2015.5.12,1182.85,-6.24
2015.5.11,1189.09,5.18
2015.5.8,1183.9,-5.06
2015.5.7,1188.96,-6.75
2015.5.6,1195.71,11.11
2015.5.4,1184.6,-19.12
2015.4.30,1203.72,-5.49
2015.4.29,1209.2,8.65
2015.4.28,1200.55,17.54
2015.4.27,1183.02,-8.7
2015.4.24,1191.71,3.23
2015.4.23,1188.47,-14.84
2015.4.22,1203.32,8.06
2015.4.21,1195.25,-9.6
2015.4.20,1204.85,3.9
2015.4.17,1200.95,-3.44
2015.4.16,1204.39,10.42
2015.4.15,1193.97,-1.21
2015.4.14,1195.18,-9.61
2015.4.13,1204.79,9.43
2015.4.10,1195.36,1.11
2015.4.9,1194.25,-15.39
2015.4.8,1209.64,-3.8
2015.4.7,1213.44,-3.83
2015.4.6,1217.28,13.34
2015.4.2,1203.94,17.74
2015.4.1,1186.2,3.85
2015.3.31,1182.35,-11.26
2015.3.30,1193.61,-11.18
2015.3.27,1204.79,3.43
2015.3.26,1201.36,11.01
2015.3.25,1190.35,2.32
2015.3.24,1188.03,6.17
2015.3.23,1181.86,12.44
2015.3.20,1169.42,-3.12
2015.3.19,1172.54,22.9
2015.3.18,1149.63,-4.79
2015.3.17,1154.42,-8.38
2015.3.16,1162.8,2
2015.3.13,1160.8,-0.35
2015.3.12,1161.15,-2.54
2015.3.11,1163.69,1.88
2015.3.10,1161.81,-10.57
2015.3.9,1172.38,-26.48
2015.3.6,1198.86,-4.93
2015.3.5,1203.8,-4.71
2015.3.4,1208.5,-2.08
2015.3.3,1210.59,-11.82
2015.3.2,1222.41,12.49
2015.2.27,1209.91,-0.87
2015.2.26,1210.79,0.42
2015.2.25,1210.37,9.31
2015.2.24,1201.05,-2.23
2015.2.23,1203.28,-24.25
2015.2.17,1227.52,-4.3
2015.2.16,1231.82,2.42
2015.2.13,1229.4,7.09
2015.2.12,1222.31,-15.91
2015.2.11,1238.22,-6.71
2015.2.10,1244.93,6.23
2015.2.9,1238.7,-29.55
2015.2.6,1268.26,-4.96
2015.2.5,1273.21,9.12
2015.2.4,1264.09,-14.07
2015.2.3,1278.16,-1.98
2015.2.2,1280.14,19.08
2015.1.30,1261.06,-22
2015.1.29,1283.07,-8.73
2015.1.28,1291.8,11.9
2015.1.27,1279.9,-12.01
2015.1.26,1291.91,-3.85
2015.1.23,1295.77,6.54
2015.1.22,1289.23,-13.29
2015.1.21,1302.52,26.66
2015.1.20,1275.86,-1.34
2015.1.19,1277.2,19.21
2015.1.16,1257.98,29.89
2015.1.15,1228.1,-0.28
2015.1.14,1228.38,-6.13
2015.1.13,1234.51,4.72
2015.1.12,1229.79,16.95
2015.1.9,1212.85,3.68
2015.1.8,1209.16,-5.65
2015.1.7,1214.82,7.88
2015.1.6,1206.93,10.85
2015.1.5,1196.09,8.79
2015.1.2,1187.3,-0.65
2014.12.30,1187.94,-7.36
2014.12.29,1195.31,8.73
2014.12.26,1186.58,7.32
2014.12.24,1179.26,-0.94
2014.12.23,1180.2,-19.4
2014.12.22,1199.6,-0.01
2014.12.19,1199.61,-0.1
2014.12.18,1199.7,1.55
2014.12.17,1198.15,1.87
2014.12.16,1196.28,-22.73
2014.12.15,1219.02,-3.19
2014.12.12,1222.21,-2.67
2014.12.11,1224.88,-10.51
2014.12.10,1235.39,32.9
2014.12.9,1202.49,8.61
2014.12.8,1193.88,-10.55
2014.12.5,1204.43,-3.13
2014.12.4,1207.56,6.75
2014.12.3,1200.81,-8.54
2014.12.2,1209.36,57.41
2014.12.1,1151.94,-33.31
2014.11.28,1185.26,-10.06
2014.11.27,1195.32,-4.58
2014.11.26,1199.9,0.72
2014.11.25,1199.18,-1.93
2014.11.24,1201.11,8.62
2014.11.21,1192.48,8.95
2014.11.20,1183.54,-10.91
2014.11.19,1194.44,6.68
2014.11.18,1187.76,-2.27
2014.11.17,1190.04,34.38
2014.11.14,1155.65,-5.88
2014.11.13,1161.53,-6.91
2014.11.12,1168.43,16.12
2014.11.11,1152.32,-19.64
2014.11.10,1171.95,37.7
2014.11.7,1134.24,-10.78
2014.11.6,1145.02,-7.62
2014.11.5,1152.64,-15.27
2014.11.4,1167.91,-1.96
2014.11.3,1169.87,-15.39
2014.10.31,1185.27,-21.64
2014.10.30,1206.9,-23.09
2014.10.29,1229.99,0.81
2014.10.28,1229.18,-1.95
2014.10.27,1231.12,0
2014.10.24,1231.12,-13.47
2014.10.23,1244.6,-3.74
2014.10.22,1248.34,-1.66
2014.10.21,1249.99,11.89
2014.10.20,1238.11,-2.24
2014.10.17,1240.35,0.34
2014.10.16,1240,13.71
2014.10.15,1226.29,-8.47
2014.10.14,1234.76,-0.05
2014.10.13,1234.81,11.75
2014.10.10,1223.06,9.03
2014.10.8,1214.03,8.96
2014.10.7,1205.07,17.05
2014.10.6,1188.03,-30.32
2014.10.2,1218.35,12.03
2014.10.1,1206.32,-11.05
2014.9.30,1217.37,0.1
2014.9.29,1217.27,-6.45
2014.9.26,1223.71,11.34
2014.9.25,1212.38,-11.35
2014.9.24,1223.72,6.66
2014.9.23,1217.06,4.37
2014.9.22,1212.69,-11.87
2014.9.19,1224.57,-0.06
2014.9.18,1224.62,-12.4
2014.9.17,1237.03,1.75
2014.9.16,1235.28,2
2014.9.15,1233.28,-2.86
2014.9.12,1236.13,-10.87
2014.9.11,1247,-18.23
2014.9.5,1265.23,-5.84
2014.9.4,1271.08,2.68
2014.9.3,1268.39,-13.4
2014.9.2,1281.8,-6.07
2014.9.1,1287.87,-1.09
2014.8.29,1288.95,2.63
2014.8.28,1286.33,2.31
2014.8.27,1284.01,1.21
2014.8.26,1282.8,4.96
2014.8.25,1277.84,-2.79
2014.8.22,1280.62,-0.35
2014.8.21,1280.97,-15.45
2014.8.20,1296.42,-3.12
2014.8.19,1299.55,-2.06
2014.8.18,1301.61,-10.97
2014.8.14,1312.58,1.92
2014.8.13,1310.66,2.5
2014.8.12,1308.15,2.09
2014.8.11,1306.07,-13.49
2014.8.8,1319.56,13.31
2014.8.7,1306.25,14.97
2014.8.6,1291.28,-0.69
2014.8.5,1291.97,-1.61
2014.8.4,1293.59,9.24
2014.8.1,1284.35,-9.71
2014.7.31,1294.06,-5.72
2014.7.30,1299.78,-5.04
2014.7.29,1304.82,-0.6
2014.7.28,1305.42,11.87
2014.7.25,1293.56,-1.65
2014.7.24,1295.2,-10.61
2014.7.23,1305.82,-1.32
2014.7.22,1307.13,-3.84
2014.7.21,1310.97,-1.04
2014.7.18,1312.02,5
2014.7.17,1307.03,8.65
2014.7.16,1298.37,-9.94
2014.7.15,1308.31,-19.36
2014.7.14,1327.66,-9.65
2014.7.11,1337.32,7.43
2014.7.10,1329.88,4.88
2014.7.9,1325.01,6.32
2014.7.8,1318.69,5.83
2014.7.7,1312.87,-8.09
2014.7.4,1320.95,-1.59
2014.7.3,1322.55,-2.89
2014.7.2,1325.44,-1.15
2014.7.1,1326.59,10.43
2014.6.30,1316.16,-3.44
2014.6.27,1319.61,2.65
2014.6.26,1316.95,4.3
2014.6.25,1312.65,-2.85
2014.6.24,1315.49,2.11
2014.6.23,1313.38,-0.08
2014.6.20,1313.46,35.61
2014.6.19,1277.86,9.38
2014.6.18,1268.48,3.7
2014.6.17,1264.78,-17.22
2014.6.16,1282,10.7
2014.6.13,1271.3,10.33
2014.6.12,1260.97,-0.05
2014.6.11,1261.02,6.05
2014.6.10,1254.96,1.49
2014.6.9,1253.47,9.44
2014.6.5,1244.04,-2.01
2014.6.3,1246.05,4.38
2014.6.2,1241.66,-15.87
2014.5.30,1257.53,-0.01
2014.5.29,1257.54,-6.87
2014.5.28,1264.4,-21.59
2014.5.27,1285.99,-6.56
2014.5.26,1292.56,-1.85
2014.5.23,1294.41,0.58
2014.5.22,1293.83,-0.67
2014.5.21,1294.5,1.27
2014.5.20,1293.22,-3.39
2014.5.19,1296.62,0.86
2014.5.16,1295.76,-6.1
2014.5.15,1301.86,8.09
2014.5.14,1293.77,0.95
2014.5.13,1292.82,3.45
2014.5.12,1289.37,-1.83
2014.5.9,1291.2,-0.49
2014.5.8,1291.69,-19.66
2014.5.7,1311.35,28.52
2014.5.2,1282.83,-10.56
2014.4.30,1293.39,-2.12
2014.4.29,1295.52,-7
2014.4.28,1302.51,9.19
2014.4.25,1293.33,8.12
2014.4.24,1285.2,0.9
2014.4.23,1284.31,-5.21
2014.4.22,1289.52,3.21
2014.4.21,1286.3,-15.4
2014.4.17,1301.7,4.49
2014.4.16,1297.21,-22.55
2014.4.15,1319.77,-8.63
2014.4.14,1328.4,7.92
2014.4.11,1320.48,3.81
2014.4.10,1316.67,3.38
2014.4.9,1313.3,4.86
2014.4.8,1308.44,7.26
2014.4.7,1301.18,13.86
2014.4.4,1287.32,-5.57
2014.4.3,1292.89,9.96
2014.4.2,1282.92,-2.48
2014.4.1,1285.4,-10.35
2014.3.31,1295.75,0.53
2014.3.28,1295.22,-8.89
2014.3.27,1304.12,-10.09
2014.3.26,1314.2,0.93
2014.3.25,1313.28,-14.59
2014.3.24,1327.87,-6.08